Academic Year,County Code,District Code,School Code,County Name,District Name,School Name,District Type,School Type,"Educational 
Option Type","Charter 
School 
(Y/N)","Charter 
School 
Number","Charter 
Funding 
Type",Independently Reporting Charter (IRC),Low Grade,High Grade,"Enrollment 
(K-12)","Free Meal 
Count 
(K-12)","Percent (%) 
Eligible Free 
(K-12)","FRPM Count 
(K-12)","Percent (%) 
Eligible FRPM 
(K-12)","Enrollment 
(Ages 5-17)","Free Meal 
Count 
(Ages 5-17)","Percent (%) 
Eligible Free 
(Ages 5-17)","FRPM Count 
(Ages 5-17)","Percent (%) 
Eligible FRPM 
(Ages 5-17)","California Longitudinal Pupil Achievement Data System (CALPADS) Fall 1 
Certification Status"
2024-2025,43,10439,0000001,Santa Clara,Santa Clara County Office of Education,"Nonpublic, Nonsectarian Schools",County Office of Education (COE),N/A,N/A,N/A,N/A,N/A,N/A,N/A,N/A,12,12,100.0%,12,100.0%,7,7,100.0%,7,100.0%,Y
2024-2025,43,10439,0106534,Santa Clara,Santa Clara County Office of Education,Bullis Charter,County Office of Education (COE),Elementary Schools (Public),Traditional,Yes,0615,Directly funded,Y,K,8,997,42,4.2%,51,5.1%,961,42,4.4%,51,5.3%,Y
2024-2025,43,10439,0111880,Santa Clara,Santa Clara County Office of Education,Discovery Charter,County Office of Education (COE),Elementary Schools (Public),Traditional,Yes,0767,Directly funded,Y,K,8,555,90,16.2%,97,17.5%,555,90,16.2%,97,17.5%,Y
2024-2025,43,10439,0113431,Santa Clara,Santa Clara County Office of Education,University Preparatory Academy Charter,County Office of Education (COE),High Schools (Public),Traditional,Yes,0844,Directly funded,Y,7,12,727,141,19.4%,202,27.8%,725,141,19.4%,202,27.9%,Y
2024-2025,43,10439,0113704,Santa Clara,Santa Clara County Office of Education,Rocketship Mateo Sheedy Elementary,County Office of Education (COE),Elementary Schools (Public),Traditional,Yes,0850,Directly funded,Y,K,5,454,325,71.6%,361,79.5%,420,296,70.5%,331,78.8%,Y
2024-2025,43,10439,0116814,Santa Clara,Santa Clara County Office of Education,ACE Empower Academy,County Office of Education (COE),Intermediate/Middle Schools (Public),Traditional,Yes,0972,Directly funded,Y,5,8,189,147,77.8%,176,93.1%,189,147,77.8%,176,93.1%,Y
2024-2025,43,10439,0119024,Santa Clara,Santa Clara County Office of Education,Rocketship Si Se Puede Academy,County Office of Education (COE),Elementary Schools (Public),Traditional,Yes,1061,Directly funded,Y,K,5,271,196,72.3%,221,81.5%,254,185,72.8%,207,81.5%,Y
2024-2025,43,10439,0120642,Santa Clara,Santa Clara County Office of Education,Rocketship Los Suenos Academy,County Office of Education (COE),Elementary Schools (Public),Traditional,Yes,1127,Directly funded,Y,K,5,309,232,75.1%,257,83.2%,295,223,75.6%,244,82.7%,Y
2024-2025,43,10439,0121483,Santa Clara,Santa Clara County Office of Education,Alpha: Cornerstone Academy Preparatory,County Office of Education (COE),Elementary Schools (Public),Traditional,Yes,1167,Directly funded,Y,K,8,554,257,46.4%,306,55.2%,537,249,46.4%,298,55.5%,Y
2024-2025,43,10439,0123257,Santa Clara,Santa Clara County Office of Education,Downtown College Prep - Alum Rock,County Office of Education (COE),K-12 Schools (Public),Traditional,Yes,1268,Directly funded,Y,6,12,202,136,67.3%,157,77.7%,202,136,67.3%,157,77.7%,Y
2024-2025,43,10439,0123281,Santa Clara,Santa Clara County Office of Education,Rocketship Discovery Prep,County Office of Education (COE),Elementary Schools (Public),Traditional,Yes,1193,Directly funded,Y,K,5,402,270,67.2%,294,73.1%,378,251,66.4%,275,72.8%,Y
2024-2025,43,10439,0123794,Santa Clara,Santa Clara County Office of Education,Summit Public School: Tahoma,County Office of Education (COE),High Schools (Public),Traditional,Yes,1282,Directly funded,Y,9,12,383,95,24.8%,111,29.0%,375,94,25.1%,109,29.1%,Y
2024-2025,43,10439,0124065,Santa Clara,Santa Clara County Office of Education,Sunrise Middle,County Office of Education (COE),Intermediate/Middle Schools (Public),Traditional,Yes,1290,Directly funded,Y,5,8,301,236,78.4%,258,85.7%,301,236,78.4%,258,85.7%,Y
2024-2025,43,10439,0125781,Santa Clara,Santa Clara County Office of Education,Rocketship Academy Brilliant Minds,County Office of Education (COE),Elementary Schools (Public),Traditional,Yes,1393,Directly funded,Y,K,5,500,305,61.0%,359,71.8%,470,284,60.4%,336,71.5%,Y
2024-2025,43,10439,0125799,Santa Clara,Santa Clara County Office of Education,Rocketship Alma Academy,County Office of Education (COE),Elementary Schools (Public),Traditional,Yes,1394,Directly funded,Y,K,5,532,388,72.9%,428,80.5%,496,362,73.0%,399,80.4%,Y
2024-2025,43,10439,0127969,Santa Clara,Santa Clara County Office of Education,Discovery Charter II,County Office of Education (COE),Elementary Schools (Public),Traditional,Yes,1547,Directly funded,Y,K,8,476,82,17.2%,83,17.4%,450,77,17.1%,78,17.3%,Y
2024-2025,43,10439,0129213,Santa Clara,Santa Clara County Office of Education,Alpha: Jose Hernandez,County Office of Education (COE),Elementary Schools (Public),Traditional,Yes,1618,Directly funded,Y,K,8,440,356,80.9%,400,90.9%,422,341,80.8%,383,90.8%,Y
2024-2025,43,10439,0131110,Santa Clara,Santa Clara County Office of Education,Rocketship Fuerza Community Prep,County Office of Education (COE),Elementary Schools (Public),Traditional,Yes,1687,Directly funded,Y,K,5,506,344,68.0%,384,75.9%,475,327,68.8%,361,76.0%,Y
2024-2025,43,10439,0131748,Santa Clara,Santa Clara County Office of Education,Voices College-Bound Language Academy at Morgan Hill,County Office of Education (COE),Elementary Schools (Public),Traditional,Yes,1716,Directly funded,Y,P,8,338,191,56.5%,224,66.3%,322,184,57.1%,215,66.8%,Y
2024-2025,43,10439,0132530,Santa Clara,Santa Clara County Office of Education,Voices College-Bound Language Academy at Mt. Pleasant,County Office of Education (COE),Elementary Schools (Public),Traditional,Yes,1743,Directly funded,Y,K,8,235,180,76.6%,194,82.6%,226,173,76.5%,186,82.3%,Y
2024-2025,43,10439,0133496,Santa Clara,Santa Clara County Office of Education,Rocketship Rising Stars,County Office of Education (COE),Elementary Schools (Public),Traditional,Yes,1778,Directly funded,Y,K,5,621,353,56.8%,402,64.7%,561,329,58.6%,372,66.3%,Y
2024-2025,43,10439,0135087,Santa Clara,Santa Clara County Office of Education,Opportunity Youth Academy,County Office of Education (COE),High Schools (Public),Traditional,Yes,1840,Locally funded,N,9,12,283,180,63.6%,197,69.6%,79,55,69.6%,60,75.9%,Y
2024-2025,43,10439,4330254,Santa Clara,Santa Clara County Office of Education,Santa Clara County Court,County Office of Education (COE),Juvenile Court Schools,Juvenile Court School,No ,N/A,N/A,N,6,12,44,44,100.0%,44,100.0%,38,38,100.0%,38,100.0%,Y
2024-2025,43,10439,4330320,Santa Clara,Santa Clara County Office of Education,Santa Clara County Community,County Office of Education (COE),County Community,County Community School,No ,N/A,N/A,N,6,12,107,62,57.9%,63,58.9%,106,62,58.5%,63,59.4%,Y
2024-2025,43,10439,6069371,Santa Clara,Santa Clara County Office of Education,Santa Clara County Special Education,County Office of Education (COE),Special Education Schools (Public),Special Education School,No ,N/A,N/A,N,P,Post Secondary,771,332,43.1%,367,47.6%,566,261,46.1%,283,50.0%,Y
2024-2025,43,69369,0000001,Santa Clara,Alum Rock Union Elementary,"Nonpublic, Nonsectarian Schools",Elementary School District,N/A,N/A,N/A,N/A,N/A,N/A,N/A,N/A,8,4,50.0%,4,50.0%,8,4,50.0%,4,50.0%,Y
2024-2025,43,69369,0106633,Santa Clara,Alum Rock Union Elementary,KIPP Heartwood Academy,Elementary School District,Intermediate/Middle Schools (Public),Traditional,Yes,0628,Directly funded,Y,5,8,423,219,51.8%,311,73.5%,423,219,51.8%,311,73.5%,Y
2024-2025,43,69369,0107748,Santa Clara,Alum Rock Union Elementary,Learning in an Urban Community with High Achievement (L.U.C.H.A.),Elementary School District,Alternative Schools of Choice,Alternative School of Choice,No ,N/A,N/A,N,K,5,218,165,75.7%,183,83.9%,210,157,74.8%,175,83.3%,Y
2024-2025,43,69369,0107763,Santa Clara,Alum Rock Union Elementary,Renaissance Academy,Elementary School District,Alternative Schools of Choice,Alternative School of Choice,No ,N/A,N/A,N,6,8,348,224,64.4%,282,81.0%,348,224,64.4%,282,81.0%,Y
2024-2025,43,69369,0108167,Santa Clara,Alum Rock Union Elementary,Adelante Dual Language Academy,Elementary School District,Alternative Schools of Choice,Alternative School of Choice,No ,N/A,N/A,N,K,8,505,206,40.8%,286,56.6%,485,198,40.8%,277,57.1%,Y
2024-2025,43,69369,0114900,Santa Clara,Alum Rock Union Elementary,Russo/McEntee Academy,Elementary School District,Alternative Schools of Choice,Alternative School of Choice,No ,N/A,N/A,N,K,5,322,208,64.6%,260,80.7%,299,194,64.9%,243,81.3%,Y
2024-2025,43,69369,0125526,Santa Clara,Alum Rock Union Elementary,Alpha: Blanca Alvarado,Elementary School District,Elementary Schools (Public),Traditional,Yes,1375,Directly funded,Y,K,8,500,294,58.8%,301,60.2%,482,280,58.1%,286,59.3%,Y
2024-2025,43,69369,0126284,Santa Clara,Alum Rock Union Elementary,Renaissance at Mathson,Elementary School District,Alternative Schools of Choice,Alternative School of Choice,No ,N/A,N/A,N,6,8,326,225,69.0%,275,84.4%,326,225,69.0%,275,84.4%,Y
2024-2025,43,69369,0129924,Santa Clara,Alum Rock Union Elementary,Kipp Prize Preparatory Academy,Elementary School District,Intermediate/Middle Schools (Public),Traditional,Yes,1609,Directly funded,Y,5,8,416,245,58.9%,336,80.8%,416,245,58.9%,336,80.8%,Y
2024-2025,43,69369,0135749,Santa Clara,Alum Rock Union Elementary,Adelante Dual Language Academy II,Elementary School District,Alternative Schools of Choice,Alternative School of Choice,No ,N/A,N/A,N,K,8,368,237,64.4%,297,80.7%,351,228,65.0%,287,81.8%,Y
2024-2025,43,69369,6046114,Santa Clara,Alum Rock Union Elementary,A. J. Dorsa Elementary,Elementary School District,Elementary Schools (Public),Traditional,No ,N/A,N/A,N,K,5,284,205,72.2%,256,90.1%,267,194,72.7%,241,90.3%,Y
2024-2025,43,69369,6046122,Santa Clara,Alum Rock Union Elementary,Ben Painter Elementary,Elementary School District,Elementary Schools (Public),Traditional,No ,N/A,N/A,N,P,5,362,145,40.1%,188,51.9%,325,141,43.4%,183,56.3%,Y
2024-2025,43,69369,6046155,Santa Clara,Alum Rock Union Elementary,Donald J. Meyer Elementary,Elementary School District,Elementary Schools (Public),Traditional,No ,N/A,N/A,N,K,5,246,157,63.8%,196,79.7%,235,155,66.0%,189,80.4%,Y
2024-2025,43,69369,6046189,Santa Clara,Alum Rock Union Elementary,Horace Cureton Elementary,Elementary School District,Elementary Schools (Public),Traditional,No ,N/A,N/A,N,K,5,254,173,68.1%,201,79.1%,236,161,68.2%,186,78.8%,Y
2024-2025,43,69369,6046213,Santa Clara,Alum Rock Union Elementary,Linda Vista Elementary,Elementary School District,Elementary Schools (Public),Traditional,No ,N/A,N/A,N,K,5,437,234,53.5%,298,68.2%,415,219,52.8%,281,67.7%,Y
2024-2025,43,69369,6046221,Santa Clara,Alum Rock Union Elementary,Lyndale Elementary,Elementary School District,Elementary Schools (Public),Traditional,No ,N/A,N/A,N,K,5,275,199,72.4%,228,82.9%,254,182,71.7%,211,83.1%,Y
2024-2025,43,69369,6046239,Santa Clara,Alum Rock Union Elementary,Cesar Chavez Early Learning Center,Elementary School District,Elementary Schools (Public),Traditional,No ,N/A,N/A,N,K,K,56,42,75.0%,49,87.5%,37,26,70.3%,31,83.8%,Y
2024-2025,43,69369,6046247,Santa Clara,Alum Rock Union Elementary,Aptitud Community Academy at Goss,Elementary School District,Elementary Schools (Public),Traditional,No ,N/A,N/A,N,K,8,386,301,78.0%,344,89.1%,373,290,77.7%,332,89.0%,Y
2024-2025,43,69369,6046254,Santa Clara,Alum Rock Union Elementary,Millard McCollam Elementary,Elementary School District,Elementary Schools (Public),Traditional,No ,N/A,N/A,N,K,5,370,156,42.2%,198,53.5%,349,148,42.4%,187,53.6%,Y
2024-2025,43,69369,6046270,Santa Clara,Alum Rock Union Elementary,O. S. Hubbard Elementary,Elementary School District,Elementary Schools (Public),Traditional,No ,N/A,N/A,N,K,8,427,312,73.1%,363,85.0%,413,305,73.8%,354,85.7%,Y
2024-2025,43,69369,6046304,Santa Clara,Alum Rock Union Elementary,San Antonio Elementary,Elementary School District,Elementary Schools (Public),Traditional,No ,N/A,N/A,N,K,5,326,258,79.1%,299,91.7%,316,249,78.8%,289,91.5%,Y
2024-2025,43,69369,6046312,Santa Clara,Alum Rock Union Elementary,Sylvia Cassell Elementary,Elementary School District,Elementary Schools (Public),Traditional,No ,N/A,N/A,N,K,5,282,211,74.8%,247,87.6%,264,196,74.2%,230,87.1%,Y
2024-2025,43,69369,6046320,Santa Clara,Alum Rock Union Elementary,Thomas P. Ryan Elementary,Elementary School District,Elementary Schools (Public),Traditional,No ,N/A,N/A,N,K,5,247,179,72.5%,207,83.8%,238,173,72.7%,200,84.0%,Y
2024-2025,43,69369,6046338,Santa Clara,Alum Rock Union Elementary,William Sheppard Middle,Elementary School District,Intermediate/Middle Schools (Public),Traditional,No ,N/A,N/A,N,6,8,451,256,56.8%,322,71.4%,451,256,56.8%,322,71.4%,Y
2024-2025,43,69369,6068910,Santa Clara,Alum Rock Union Elementary,Joseph George Middle,Elementary School District,Intermediate/Middle Schools (Public),Traditional,No ,N/A,N/A,N,6,8,384,251,65.4%,317,82.6%,384,251,65.4%,317,82.6%,Y
2024-2025,43,69369,6089270,Santa Clara,Alum Rock Union Elementary,Ocala Middle,Elementary School District,Intermediate/Middle Schools (Public),Traditional,No ,N/A,N/A,N,6,8,377,247,65.5%,299,79.3%,377,247,65.5%,299,79.3%,Y
2024-2025,43,69377,0000001,Santa Clara,Berryessa Union Elementary,"Nonpublic, Nonsectarian Schools",Elementary School District,N/A,N/A,N/A,N/A,N/A,N/A,N/A,N/A,1,0,0.0%,0,0.0%,1,0,0.0%,0,0.0%,Y
2024-2025,43,69377,6046361,Santa Clara,Berryessa Union Elementary,Laneview Elementary,Elementary School District,Elementary Schools (Public),Traditional,No ,N/A,N/A,N,P,5,349,122,35.0%,131,37.5%,328,118,36.0%,126,38.4%,Y
2024-2025,43,69377,6046379,Santa Clara,Berryessa Union Elementary,Noble Elementary,Elementary School District,Elementary Schools (Public),Traditional,No ,N/A,N/A,N,K,5,370,72,19.5%,87,23.5%,358,68,19.0%,83,23.2%,Y
2024-2025,43,69377,6046387,Santa Clara,Berryessa Union Elementary,Northwood Elementary,Elementary School District,Elementary Schools (Public),Traditional,No ,N/A,N/A,N,K,5,452,58,12.8%,60,13.3%,431,57,13.2%,59,13.7%,Y
2024-2025,43,69377,6046395,Santa Clara,Berryessa Union Elementary,Piedmont Middle,Elementary School District,Intermediate/Middle Schools (Public),Traditional,No ,N/A,N/A,N,6,8,591,185,31.3%,201,34.0%,591,185,31.3%,201,34.0%,Y
2024-2025,43,69377,6046403,Santa Clara,Berryessa Union Elementary,Toyon Elementary,Elementary School District,Elementary Schools (Public),Traditional,No ,N/A,N/A,N,P,5,231,87,37.7%,101,43.7%,215,79,36.7%,93,43.3%,Y
2024-2025,43,69377,6067177,Santa Clara,Berryessa Union Elementary,Ruskin Elementary,Elementary School District,Elementary Schools (Public),Traditional,No ,N/A,N/A,N,K,5,367,52,14.2%,57,15.5%,352,48,13.6%,53,15.1%,Y
2024-2025,43,69377,6068928,Santa Clara,Berryessa Union Elementary,Morrill Middle,Elementary School District,Intermediate/Middle Schools (Public),Traditional,No ,N/A,N/A,N,6,8,665,218,32.8%,232,34.9%,665,218,32.8%,232,34.9%,Y
2024-2025,43,69377,6089288,Santa Clara,Berryessa Union Elementary,Cherrywood Elementary,Elementary School District,Elementary Schools (Public),Traditional,No ,N/A,N/A,N,P,5,529,120,22.7%,128,24.2%,513,116,22.6%,123,24.0%,Y
2024-2025,43,69377,6093033,Santa Clara,Berryessa Union Elementary,Sierramont Middle,Elementary School District,Intermediate/Middle Schools (Public),Traditional,No ,N/A,N/A,N,6,8,742,157,21.2%,184,24.8%,742,157,21.2%,184,24.8%,Y
2024-2025,43,69377,6093041,Santa Clara,Berryessa Union Elementary,Vinci Park Elementary,Elementary School District,Elementary Schools (Public),Traditional,No ,N/A,N/A,N,K,5,529,136,25.7%,165,31.2%,492,129,26.2%,158,32.1%,Y
2024-2025,43,69377,6095335,Santa Clara,Berryessa Union Elementary,Brooktree Elementary,Elementary School District,Elementary Schools (Public),Traditional,No ,N/A,N/A,N,K,5,387,144,37.2%,157,40.6%,355,137,38.6%,150,42.3%,Y
2024-2025,43,69377,6095343,Santa Clara,Berryessa Union Elementary,Majestic Way Elementary,Elementary School District,Elementary Schools (Public),Traditional,No ,N/A,N/A,N,K,5,421,106,25.2%,126,29.9%,401,104,25.9%,124,30.9%,Y
2024-2025,43,69377,6095350,Santa Clara,Berryessa Union Elementary,Summerdale Elementary,Elementary School District,Elementary Schools (Public),Traditional,No ,N/A,N/A,N,K,5,274,96,35.0%,105,38.3%,253,91,36.0%,98,38.7%,Y
2024-2025,43,69385,0000001,Santa Clara,Cambrian,"Nonpublic, Nonsectarian Schools",Elementary School District,N/A,N/A,N/A,N/A,N/A,N/A,N/A,N/A,9,5,55.6%,5,55.6%,9,5,55.6%,5,55.6%,Y
2024-2025,43,69385,0133439,Santa Clara,Cambrian,Steindorf STEAM K-8 Magnet,Elementary School District,Elementary Schools (Public),Traditional,No ,N/A,N/A,N,K,8,491,23,4.7%,23,4.7%,491,23,4.7%,23,4.7%,Y
2024-2025,43,69385,6046411,Santa Clara,Cambrian,Bagby Elementary,Elementary School District,Elementary Schools (Public),Traditional,No ,N/A,N/A,N,K,5,529,75,14.2%,79,14.9%,479,72,15.0%,76,15.9%,Y
2024-2025,43,69385,6046445,Santa Clara,Cambrian,Fammatre Elementary,Elementary School District,Elementary Schools (Public),Traditional,Yes,0638,Locally funded,N,K,5,482,99,20.5%,105,21.8%,442,93,21.0%,99,22.4%,Y
2024-2025,43,69385,6046452,Santa Clara,Cambrian,Farnham Charter,Elementary School District,Elementary Schools (Public),Traditional,Yes,0574,Locally funded,N,K,5,372,82,22.0%,90,24.2%,345,78,22.6%,86,24.9%,Y
2024-2025,43,69385,6046486,Santa Clara,Cambrian,Price Charter Middle,Elementary School District,Intermediate/Middle Schools (Public),Traditional,Yes,0575,Locally funded,N,6,8,959,154,16.1%,160,16.7%,959,154,16.1%,160,16.7%,Y
2024-2025,43,69385,6046494,Santa Clara,Cambrian,Sartorette Charter,Elementary School District,Elementary Schools (Public),Traditional,Yes,0497,Locally funded,N,K,5,278,56,20.1%,57,20.5%,258,55,21.3%,56,21.7%,Y
2024-2025,43,69393,0000001,Santa Clara,Campbell Union,"Nonpublic, Nonsectarian Schools",Elementary School District,N/A,N/A,N/A,N/A,N/A,N/A,N/A,N/A,12,2,16.7%,2,16.7%,12,2,16.7%,2,16.7%,Y
2024-2025,43,69393,0106005,Santa Clara,Campbell Union,Village,Elementary School District,Elementary Schools (Public),Traditional,Yes,0817,Locally funded,N,K,5,198,26,13.1%,32,16.2%,189,25,13.2%,31,16.4%,Y
2024-2025,43,69393,0137273,Santa Clara,Campbell Union,Campbell School of Innovation,Elementary School District,Elementary Schools (Public),Traditional,Yes,1969,Locally funded,N,K,8,815,244,29.9%,263,32.3%,777,231,29.7%,249,32.0%,Y
2024-2025,43,69393,6046510,Santa Clara,Campbell Union,Blackford Elementary,Elementary School District,Elementary Schools (Public),Traditional,Yes,0993,Locally funded,N,K,5,414,216,52.2%,236,57.0%,395,208,52.7%,227,57.5%,Y
2024-2025,43,69393,6046536,Santa Clara,Campbell Union,Capri Elementary,Elementary School District,Elementary Schools (Public),Traditional,Yes,0886,Locally funded,N,K,5,457,128,28.0%,145,31.7%,420,117,27.9%,130,31.0%,Y
2024-2025,43,69393,6046544,Santa Clara,Campbell Union,Castlemont Elementary,Elementary School District,Elementary Schools (Public),Traditional,Yes,0866,Locally funded,N,K,5,436,202,46.3%,222,50.9%,413,198,47.9%,217,52.5%,Y
2024-2025,43,69393,6046577,Santa Clara,Campbell Union,Forest Hill Elementary,Elementary School District,Elementary Schools (Public),Traditional,Yes,0997,Locally funded,N,K,5,506,66,13.0%,76,15.0%,481,64,13.3%,74,15.4%,Y
2024-2025,43,69393,6046601,Santa Clara,Campbell Union,Lynhaven Elementary,Elementary School District,Elementary Schools (Public),Traditional,Yes,0865,Locally funded,N,K,5,463,203,43.8%,224,48.4%,440,196,44.5%,217,49.3%,Y
2024-2025,43,69393,6046619,Santa Clara,Campbell Union,Marshall Lane Elementary,Elementary School District,Elementary Schools (Public),Traditional,Yes,0984,Locally funded,N,K,5,427,43,10.1%,50,11.7%,393,39,9.9%,46,11.7%,Y
2024-2025,43,69393,6046627,Santa Clara,Campbell Union,Monroe Middle,Elementary School District,Intermediate/Middle Schools (Public),Traditional,Yes,0899,Locally funded,N,6,8,677,361,53.3%,400,59.1%,677,361,53.3%,400,59.1%,Y
2024-2025,43,69393,6046668,Santa Clara,Campbell Union,Rolling Hills Middle,Elementary School District,Intermediate/Middle Schools (Public),Traditional,Yes,0887,Locally funded,N,6,8,778,136,17.5%,147,18.9%,778,136,17.5%,147,18.9%,Y
2024-2025,43,69393,6046676,Santa Clara,Campbell Union,Rosemary,Elementary School District,Elementary Schools (Public),Traditional,No ,N/A,N/A,N,K,5,413,274,66.3%,305,73.8%,372,250,67.2%,278,74.7%,Y
2024-2025,43,69393,6046692,Santa Clara,Campbell Union,Sherman Oaks Elementary,Elementary School District,Elementary Schools (Public),Traditional,Yes,0304,Locally funded,N,K,8,524,259,49.4%,309,59.0%,506,251,49.6%,301,59.5%,Y
2024-2025,43,69401,0000001,Santa Clara,Campbell Union High,"Nonpublic, Nonsectarian Schools",High School District,N/A,N/A,N/A,N/A,N/A,N/A,N/A,N/A,43,11,25.6%,12,27.9%,30,9,30.0%,10,33.3%,Y
2024-2025,43,69401,4330239,Santa Clara,Campbell Union High,Leigh High,High School District,High Schools (Public),Traditional,No ,N/A,N/A,N,9,12,1884,206,10.9%,339,18.0%,1857,203,10.9%,334,18.0%,Y
2024-2025,43,69401,4330759,Santa Clara,Campbell Union High,Boynton High,High School District,Continuation High Schools,Continuation School,No ,N/A,N/A,N,9,12,163,102,62.6%,110,67.5%,157,97,61.8%,105,66.9%,Y
2024-2025,43,69401,4330866,Santa Clara,Campbell Union High,Branham High,High School District,High Schools (Public),Traditional,No ,N/A,N/A,N,9,12,1820,368,20.2%,572,31.4%,1781,361,20.3%,559,31.4%,Y
2024-2025,43,69401,4331955,Santa Clara,Campbell Union High,Del Mar High,High School District,High Schools (Public),Traditional,No ,N/A,N/A,N,9,12,1350,738,54.7%,940,69.6%,1325,726,54.8%,924,69.7%,Y
2024-2025,43,69401,4336137,Santa Clara,Campbell Union High,Prospect High,High School District,High Schools (Public),Traditional,No ,N/A,N/A,N,9,12,1460,527,36.1%,719,49.2%,1431,517,36.1%,702,49.1%,Y
2024-2025,43,69401,4338505,Santa Clara,Campbell Union High,Westmont High,High School District,High Schools (Public),Traditional,No ,N/A,N/A,N,9,12,1682,522,31.0%,706,42.0%,1655,514,31.1%,696,42.1%,Y
2024-2025,43,69419,0000001,Santa Clara,Cupertino Union,"Nonpublic, Nonsectarian Schools",Elementary School District,N/A,N/A,N/A,N/A,N/A,N/A,N/A,N/A,7,2,28.6%,2,28.6%,7,2,28.6%,2,28.6%,Y
2024-2025,43,69419,0108126,Santa Clara,Cupertino Union,Sam H. Lawson Middle,Elementary School District,Intermediate/Middle Schools (Public),Traditional,No ,N/A,N/A,N,6,8,841,61,7.3%,128,15.2%,841,61,7.3%,128,15.2%,Y
2024-2025,43,69419,6046718,Santa Clara,Cupertino Union,C. B. Eaton Elementary,Elementary School District,Elementary Schools (Public),Traditional,No ,N/A,N/A,N,K,5,489,44,9.0%,77,15.7%,440,41,9.3%,73,16.6%,Y
2024-2025,43,69419,6046742,Santa Clara,Cupertino Union,Chester W. Nimitz Elementary,Elementary School District,Elementary Schools (Public),Traditional,No ,N/A,N/A,N,K,5,350,145,41.4%,177,50.6%,332,136,41.0%,167,50.3%,Y
2024-2025,43,69419,6046759,Santa Clara,Cupertino Union,L. P. Collins Elementary,Elementary School District,Elementary Schools (Public),Traditional,No ,N/A,N/A,N,K,5,498,46,9.2%,85,17.1%,462,43,9.3%,79,17.1%,Y
2024-2025,43,69419,6046767,Santa Clara,Cupertino Union,Cupertino Middle,Elementary School District,Intermediate/Middle Schools (Public),Traditional,No ,N/A,N/A,N,6,8,1067,148,13.9%,223,20.9%,1067,148,13.9%,223,20.9%,Y
2024-2025,43,69419,6046775,Santa Clara,Cupertino Union,D. J. Sedgwick Elementary,Elementary School District,Elementary Schools (Public),Traditional,No ,N/A,N/A,N,P,5,407,76,18.7%,110,27.0%,384,74,19.3%,106,27.6%,Y
2024-2025,43,69419,6046809,Santa Clara,Cupertino Union,Dwight D. Eisenhower Elementary,Elementary School District,Elementary Schools (Public),Traditional,No ,N/A,N/A,N,K,5,453,84,18.5%,127,28.0%,413,80,19.4%,120,29.1%,Y
2024-2025,43,69419,6046841,Santa Clara,Cupertino Union,Garden Gate Elementary,Elementary School District,Elementary Schools (Public),Traditional,No ,N/A,N/A,N,K,5,471,50,10.6%,98,20.8%,432,48,11.1%,92,21.3%,Y
2024-2025,43,69419,6046882,Santa Clara,Cupertino Union,Joaquin Miller Middle,Elementary School District,Intermediate/Middle Schools (Public),Traditional,No ,N/A,N/A,N,6,8,1067,78,7.3%,144,13.5%,1067,78,7.3%,144,13.5%,Y
2024-2025,43,69419,6046890,Santa Clara,Cupertino Union,John F. Kennedy Middle,Elementary School District,Intermediate/Middle Schools (Public),Traditional,No ,N/A,N/A,N,6,8,880,77,8.8%,138,15.7%,880,77,8.8%,138,15.7%,Y
2024-2025,43,69419,6046908,Santa Clara,Cupertino Union,John Muir Elementary,Elementary School District,Elementary Schools (Public),Traditional,No ,N/A,N/A,N,K,5,557,30,5.4%,47,8.4%,557,30,5.4%,47,8.4%,Y
2024-2025,43,69419,6046932,Santa Clara,Cupertino Union,Christa McAuliffe,Elementary School District,Elementary Schools (Public),Traditional,No ,N/A,N/A,N,K,8,358,22,6.1%,35,9.8%,339,22,6.5%,35,10.3%,Y
2024-2025,43,69419,6046940,Santa Clara,Cupertino Union,Abraham Lincoln Elementary,Elementary School District,Elementary Schools (Public),Traditional,No ,N/A,N/A,N,K,5,662,64,9.7%,95,14.4%,621,60,9.7%,89,14.3%,Y
2024-2025,43,69419,6046957,Santa Clara,Cupertino Union,Louis E. Stocklmeir Elementary,Elementary School District,Elementary Schools (Public),Traditional,No ,N/A,N/A,N,K,5,840,97,11.5%,179,21.3%,774,89,11.5%,168,21.7%,Y
2024-2025,43,69419,6046965,Santa Clara,Cupertino Union,Manuel De Vargas Elementary,Elementary School District,Elementary Schools (Public),Traditional,No ,N/A,N/A,N,K,5,379,136,35.9%,170,44.9%,343,123,35.9%,154,44.9%,Y
2024-2025,43,69419,6046981,Santa Clara,Cupertino Union,Montclaire Elementary,Elementary School District,Elementary Schools (Public),Traditional,No ,N/A,N/A,N,K,5,442,17,3.8%,39,8.8%,406,16,3.9%,36,8.9%,Y
2024-2025,43,69419,6047005,Santa Clara,Cupertino Union,Nelson S. Dilworth Elementary,Elementary School District,Elementary Schools (Public),Traditional,No ,N/A,N/A,N,K,5,547,61,11.2%,107,19.6%,507,57,11.2%,101,19.9%,Y
2024-2025,43,69419,6047039,Santa Clara,Cupertino Union,Murdock-Portal Elementary,Elementary School District,Elementary Schools (Public),Traditional,No ,N/A,N/A,N,K,5,551,19,3.4%,47,8.5%,551,19,3.4%,47,8.5%,Y
2024-2025,43,69419,6047088,Santa Clara,Cupertino Union,Stevens Creek Elementary,Elementary School District,Elementary Schools (Public),Traditional,No ,N/A,N/A,N,K,5,407,32,7.9%,54,13.3%,383,30,7.8%,50,13.1%,Y
2024-2025,43,69419,6047096,Santa Clara,Cupertino Union,Warren E. Hyde Middle,Elementary School District,Intermediate/Middle Schools (Public),Traditional,No ,N/A,N/A,N,6,8,800,142,17.8%,210,26.3%,800,142,17.8%,210,26.3%,Y
2024-2025,43,69419,6047104,Santa Clara,Cupertino Union,West Valley Elementary,Elementary School District,Elementary Schools (Public),Traditional,No ,N/A,N/A,N,K,5,422,39,9.2%,67,15.9%,388,38,9.8%,62,16.0%,Y
2024-2025,43,69419,6047112,Santa Clara,Cupertino Union,William Faria Elementary,Elementary School District,Elementary Schools (Public),Traditional,No ,N/A,N/A,N,K,5,614,27,4.4%,77,12.5%,614,27,4.4%,77,12.5%,Y
2024-2025,43,69419,6067185,Santa Clara,Cupertino Union,Blue Hills Elementary,Elementary School District,Elementary Schools (Public),Traditional,No ,N/A,N/A,N,K,5,424,45,10.6%,69,16.3%,407,45,11.1%,69,17.0%,Y
2024-2025,43,69427,0000001,Santa Clara,East Side Union High,"Nonpublic, Nonsectarian Schools",High School District,N/A,N/A,N/A,N/A,N/A,N/A,N/A,N/A,66,21,31.8%,22,33.3%,42,15,35.7%,16,38.1%,Y
2024-2025,43,69427,0107151,Santa Clara,East Side Union High,"Escuela Popular/Center for Training and Careers, Family Learning",High School District,High Schools (Public),Traditional,Yes,0646,Directly funded,Y,9,12,658,544,82.7%,544,82.7%,0,0,0.0%,0,0.0%,Y
2024-2025,43,69427,0116889,Santa Clara,East Side Union High,KIPP San Jose Collegiate,High School District,High Schools (Public),Traditional,Yes,0976,Directly funded,Y,9,12,512,243,47.5%,363,70.9%,509,242,47.5%,362,71.1%,Y
2024-2025,43,69427,0125427,Santa Clara,East Side Union High,Calero High,High School District,Alternative Schools of Choice,Alternative School of Choice,No ,N/A,N/A,N,10,12,173,110,63.6%,116,67.1%,168,107,63.7%,113,67.3%,Y
2024-2025,43,69427,0125617,Santa Clara,East Side Union High,ACE Charter High,High School District,High Schools (Public),Traditional,Yes,1387,Directly funded,Y,9,12,313,248,79.2%,281,89.8%,301,239,79.4%,269,89.4%,Y
2024-2025,43,69427,0130856,Santa Clara,East Side Union High,Luis Valdez Leadership Academy,High School District,High Schools (Public),Traditional,Yes,1681,Directly funded,Y,9,12,225,169,75.1%,188,83.6%,223,167,74.9%,186,83.4%,Y
2024-2025,43,69427,0131995,Santa Clara,East Side Union High,B. Roberto Cruz Leadership Academy,High School District,High Schools (Public),Traditional,Yes,1675,Directly funded,Y,9,12,261,199,76.2%,230,88.1%,253,191,75.5%,222,87.7%,Y
2024-2025,43,69427,0132274,Santa Clara,East Side Union High,Alpha Cindy Avitia High,High School District,High Schools (Public),Traditional,Yes,1737,Directly funded,Y,9,12,405,261,64.4%,295,72.8%,394,252,64.0%,285,72.3%,Y
2024-2025,43,69427,4330015,Santa Clara,East Side Union High,Yerba Buena High,High School District,High Schools (Public),Traditional,No ,N/A,N/A,N,9,12,1612,905,56.1%,998,61.9%,1583,888,56.1%,980,61.9%,Y
2024-2025,43,69427,4330023,Santa Clara,East Side Union High,Santa Teresa High,High School District,High Schools (Public),Traditional,No ,N/A,N/A,N,9,12,2134,537,25.2%,595,27.9%,2106,525,24.9%,583,27.7%,Y
2024-2025,43,69427,4330031,Santa Clara,East Side Union High,Independence High,High School District,High Schools (Public),Traditional,No ,N/A,N/A,N,9,12,2289,992,43.3%,1075,47.0%,2219,950,42.8%,1031,46.5%,Y
2024-2025,43,69427,4330312,Santa Clara,East Side Union High,Phoenix High,High School District,Continuation High Schools,Continuation School,No ,N/A,N/A,N,11,12,70,45,64.3%,46,65.7%,67,43,64.2%,44,65.7%,Y
2024-2025,43,69427,4330353,Santa Clara,East Side Union High,Pegasus High,High School District,Continuation High Schools,Continuation School,No ,N/A,N/A,N,11,12,128,80,62.5%,83,64.8%,102,62,60.8%,65,63.7%,Y
2024-2025,43,69427,4330361,Santa Clara,East Side Union High,Apollo High,High School District,Continuation High Schools,Continuation School,No ,N/A,N/A,N,11,12,141,90,63.8%,95,67.4%,139,89,64.0%,94,67.6%,Y
2024-2025,43,69427,4330668,Santa Clara,East Side Union High,Latino College Preparatory Academy,High School District,High Schools (Public),Traditional,Yes,0414,Directly funded,Y,9,12,421,296,70.3%,350,83.1%,418,294,70.3%,348,83.3%,Y
2024-2025,43,69427,4330676,Santa Clara,East Side Union High,San Jose Conservation Corps Charter,High School District,High Schools (Public),Traditional,Yes,0425,Directly funded,Y,12,Adult,158,117,74.1%,119,75.3%,25,18,72.0%,18,72.0%,Y
2024-2025,43,69427,4330692,Santa Clara,East Side Union High,Evergreen Valley High,High School District,High Schools (Public),Traditional,No ,N/A,N/A,N,9,12,2703,556,20.6%,606,22.4%,2690,552,20.5%,602,22.4%,Y
2024-2025,43,69427,4330726,Santa Clara,East Side Union High,Escuela Popular Accelerated Family Learning,High School District,K-12 Schools (Public),Traditional,Yes,0502,Directly funded,Y,K,12,396,345,87.1%,365,92.2%,347,303,87.3%,322,92.8%,Y
2024-2025,43,69427,4332318,Santa Clara,East Side Union High,Foothill High,High School District,Continuation High Schools,Continuation School,No ,N/A,N/A,N,11,12,268,199,74.3%,205,76.5%,195,150,76.9%,153,78.5%,Y
2024-2025,43,69427,4332995,Santa Clara,East Side Union High,Andrew P. Hill High,High School District,High Schools (Public),Traditional,No ,N/A,N/A,N,9,12,1564,965,61.7%,1057,67.6%,1517,934,61.6%,1023,67.4%,Y
2024-2025,43,69427,4333639,Santa Clara,East Side Union High,James Lick High,High School District,High Schools (Public),Traditional,No ,N/A,N/A,N,9,12,862,494,57.3%,567,65.8%,844,483,57.2%,556,65.9%,Y
2024-2025,43,69427,4334900,Santa Clara,East Side Union High,Mt. Pleasant High,High School District,High Schools (Public),Traditional,No ,N/A,N/A,N,9,12,998,566,56.7%,624,62.5%,979,553,56.5%,611,62.4%,Y
2024-2025,43,69427,4335204,Santa Clara,East Side Union High,Oak Grove High,High School District,High Schools (Public),Traditional,No ,N/A,N/A,N,9,12,1374,736,53.6%,772,56.2%,1348,723,53.6%,758,56.2%,Y
2024-2025,43,69427,4335428,Santa Clara,East Side Union High,William C. Overfelt High,High School District,High Schools (Public),Traditional,No ,N/A,N/A,N,9,12,1363,799,58.6%,854,62.7%,1328,778,58.6%,833,62.7%,Y
2024-2025,43,69427,4335907,Santa Clara,East Side Union High,Piedmont Hills High,High School District,High Schools (Public),Traditional,No ,N/A,N/A,N,9,12,1918,534,27.8%,578,30.1%,1885,519,27.5%,563,29.9%,Y
2024-2025,43,69427,4337903,Santa Clara,East Side Union High,Silver Creek High,High School District,High Schools (Public),Traditional,No ,N/A,N/A,N,9,12,2139,823,38.5%,954,44.6%,2121,811,38.2%,942,44.4%,Y
2024-2025,43,69435,0000001,Santa Clara,Evergreen Elementary,"Nonpublic, Nonsectarian Schools",Elementary School District,N/A,N/A,N/A,N/A,N/A,N/A,N/A,N/A,9,4,44.4%,4,44.4%,9,4,44.4%,4,44.4%,Y
2024-2025,43,69435,0102616,Santa Clara,Evergreen Elementary,Carolyn A. Clark Elementary,Elementary School District,Elementary Schools (Public),Traditional,No ,N/A,N/A,N,K,6,497,78,15.7%,91,18.3%,477,76,15.9%,89,18.7%,Y
2024-2025,43,69435,6047120,Santa Clara,Evergreen Elementary,Cadwallader Elementary,Elementary School District,Elementary Schools (Public),Traditional,No ,N/A,N/A,N,K,6,374,126,33.7%,162,43.3%,348,117,33.6%,148,42.5%,Y
2024-2025,43,69435,6047138,Santa Clara,Evergreen Elementary,Evergreen Elementary,Elementary School District,Elementary Schools (Public),Traditional,No ,N/A,N/A,N,K,6,528,70,13.3%,81,15.3%,511,69,13.5%,80,15.7%,Y
2024-2025,43,69435,6047146,Santa Clara,Evergreen Elementary,Holly Oak Elementary,Elementary School District,Elementary Schools (Public),Traditional,No ,N/A,N/A,N,K,6,445,207,46.5%,239,53.7%,445,207,46.5%,239,53.7%,Y
2024-2025,43,69435,6047153,Santa Clara,Evergreen Elementary,Katherine R. Smith Elementary,Elementary School District,Elementary Schools (Public),Traditional,No ,N/A,N/A,N,K,6,373,242,64.9%,275,73.7%,341,224,65.7%,252,73.9%,Y
2024-2025,43,69435,6047161,Santa Clara,Evergreen Elementary,O. B. Whaley Elementary,Elementary School District,Elementary Schools (Public),Traditional,No ,N/A,N/A,N,K,6,268,163,60.8%,182,67.9%,253,156,61.7%,173,68.4%,Y
2024-2025,43,69435,6047179,Santa Clara,Evergreen Elementary,Quimby Oak Middle,Elementary School District,Intermediate/Middle Schools (Public),Traditional,No ,N/A,N/A,N,7,8,857,221,25.8%,261,30.5%,857,221,25.8%,261,30.5%,Y
2024-2025,43,69435,6067193,Santa Clara,Evergreen Elementary,Cedar Grove Elementary,Elementary School District,Elementary Schools (Public),Traditional,No ,N/A,N/A,N,K,6,493,201,40.8%,238,48.3%,458,193,42.1%,228,49.8%,Y
2024-2025,43,69435,6085690,Santa Clara,Evergreen Elementary,George V. LeyVa Intermediate,Elementary School District,Intermediate/Middle Schools (Public),Traditional,No ,N/A,N/A,N,7,8,486,269,55.3%,300,61.7%,486,269,55.3%,300,61.7%,Y
2024-2025,43,69435,6095988,Santa Clara,Evergreen Elementary,John J. Montgomery Elementary,Elementary School District,Elementary Schools (Public),Traditional,No ,N/A,N/A,N,K,6,504,256,50.8%,297,58.9%,469,250,53.3%,289,61.6%,Y
2024-2025,43,69435,6102081,Santa Clara,Evergreen Elementary,Norwood Creek Elementary,Elementary School District,Elementary Schools (Public),Traditional,No ,N/A,N/A,N,K,6,530,121,22.8%,143,27.0%,496,117,23.6%,138,27.8%,Y
2024-2025,43,69435,6105787,Santa Clara,Evergreen Elementary,Millbrook Elementary,Elementary School District,Elementary Schools (Public),Traditional,No ,N/A,N/A,N,K,6,503,133,26.4%,155,30.8%,485,130,26.8%,152,31.3%,Y
2024-2025,43,69435,6110159,Santa Clara,Evergreen Elementary,Chaboya Middle,Elementary School District,Junior High Schools (Public),Traditional,No ,N/A,N/A,N,7,8,815,122,15.0%,134,16.4%,815,122,15.0%,134,16.4%,Y
2024-2025,43,69435,6111942,Santa Clara,Evergreen Elementary,Silver Oak Elementary,Elementary School District,Elementary Schools (Public),Traditional,No ,N/A,N/A,N,K,6,469,39,8.3%,41,8.7%,444,36,8.1%,37,8.3%,Y
2024-2025,43,69435,6115851,Santa Clara,Evergreen Elementary,Tom Matsumoto Elementary,Elementary School District,Elementary Schools (Public),Traditional,No ,N/A,N/A,N,K,6,727,84,11.6%,97,13.3%,691,80,11.6%,93,13.5%,Y
2024-2025,43,69435,6117956,Santa Clara,Evergreen Elementary,James Franklin Smith Elementary,Elementary School District,Elementary Schools (Public),Traditional,No ,N/A,N/A,N,K,6,595,52,8.7%,60,10.1%,576,51,8.9%,59,10.2%,Y
2024-2025,43,69450,0000001,Santa Clara,Franklin-McKinley Elementary,"Nonpublic, Nonsectarian Schools",Elementary School District,N/A,N/A,N/A,N/A,N/A,N/A,N/A,N/A,12,4,33.3%,4,33.3%,12,4,33.3%,4,33.3%,Y
2024-2025,43,69450,0108696,Santa Clara,Franklin-McKinley Elementary,Ramblewood Elementary,Elementary School District,Elementary Schools (Public),Traditional,No ,N/A,N/A,N,K,6,248,159,64.1%,181,73.0%,248,159,64.1%,181,73.0%,Y
2024-2025,43,69450,0113662,Santa Clara,Franklin-McKinley Elementary,Voices College-Bound Language Academy,Elementary School District,Elementary Schools (Public),Traditional,Yes,0846,Directly funded,Y,K,8,316,193,61.1%,232,73.4%,295,179,60.7%,217,73.6%,Y
2024-2025,43,69450,0123299,Santa Clara,Franklin-McKinley Elementary,Rocketship Mosaic Elementary,Elementary School District,Elementary Schools (Public),Traditional,Yes,1192,Directly funded,Y,K,5,528,301,57.0%,353,66.9%,528,301,57.0%,353,66.9%,Y
2024-2025,43,69450,0127225,Santa Clara,Franklin-McKinley Elementary,College Connection Academy,Elementary School District,Intermediate/Middle Schools (Public),Traditional,No ,N/A,N/A,N,7,8,213,118,55.4%,139,65.3%,213,118,55.4%,139,65.3%,Y
2024-2025,43,69450,0128108,Santa Clara,Franklin-McKinley Elementary,Rocketship Spark Academy,Elementary School District,Elementary Schools (Public),Traditional,Yes,1526,Directly funded,Y,K,5,546,259,47.4%,305,55.9%,509,245,48.1%,290,57.0%,Y
2024-2025,43,69450,0129205,Santa Clara,Franklin-McKinley Elementary,KIPP Heritage Academy,Elementary School District,Intermediate/Middle Schools (Public),Traditional,Yes,1608,Directly funded,Y,5,8,454,200,44.1%,284,62.6%,454,200,44.1%,284,62.6%,Y
2024-2025,43,69450,0129247,Santa Clara,Franklin-McKinley Elementary,ACE Esperanza Middle,Elementary School District,Intermediate/Middle Schools (Public),Traditional,Yes,1545,Directly funded,Y,5,8,205,155,75.6%,178,86.8%,205,155,75.6%,178,86.8%,Y
2024-2025,43,69450,6047195,Santa Clara,Franklin-McKinley Elementary,Franklin Elementary,Elementary School District,Elementary Schools (Public),Traditional,No ,N/A,N/A,N,K,6,525,381,72.6%,424,80.8%,503,367,73.0%,407,80.9%,Y
2024-2025,43,69450,6047203,Santa Clara,Franklin-McKinley Elementary,G. W. Hellyer Elementary,Elementary School District,Elementary Schools (Public),Traditional,No ,N/A,N/A,N,K,6,387,288,74.4%,313,80.9%,365,274,75.1%,297,81.4%,Y
2024-2025,43,69450,6047211,Santa Clara,Franklin-McKinley Elementary,Captain Jason M. Dahl Elementary,Elementary School District,Elementary Schools (Public),Traditional,No ,N/A,N/A,N,K,6,396,290,73.2%,339,85.6%,379,279,73.6%,325,85.8%,Y
2024-2025,43,69450,6047229,Santa Clara,Franklin-McKinley Elementary,Bridges Academy,Elementary School District,Intermediate/Middle Schools (Public),Traditional,No ,N/A,N/A,N,7,8,274,223,81.4%,245,89.4%,274,223,81.4%,245,89.4%,Y
2024-2025,43,69450,6047237,Santa Clara,Franklin-McKinley Elementary,Los Arboles Literacy and Technology Academy,Elementary School District,Elementary Schools (Public),Traditional,No ,N/A,N/A,N,K,3,185,128,69.2%,146,78.9%,185,128,69.2%,146,78.9%,Y
2024-2025,43,69450,6047245,Santa Clara,Franklin-McKinley Elementary,McKinley Elementary,Elementary School District,Elementary Schools (Public),Traditional,No ,N/A,N/A,N,K,6,206,154,74.8%,167,81.1%,206,154,74.8%,167,81.1%,Y
2024-2025,43,69450,6047252,Santa Clara,Franklin-McKinley Elementary,Santee Elementary,Elementary School District,Elementary Schools (Public),Traditional,No ,N/A,N/A,N,K,6,318,262,82.4%,286,89.9%,298,246,82.6%,268,89.9%,Y
2024-2025,43,69450,6047260,Santa Clara,Franklin-McKinley Elementary,Lairon College Preparatory Academy,Elementary School District,Elementary Schools (Public),Traditional,No ,N/A,N/A,N,4,8,253,179,70.8%,207,81.8%,253,179,70.8%,207,81.8%,Y
2024-2025,43,69450,6047278,Santa Clara,Franklin-McKinley Elementary,Sylvandale Middle,Elementary School District,Intermediate/Middle Schools (Public),Traditional,No ,N/A,N/A,N,7,8,330,217,65.8%,246,74.5%,330,217,65.8%,246,74.5%,Y
2024-2025,43,69450,6067201,Santa Clara,Franklin-McKinley Elementary,Robert F. Kennedy Elementary,Elementary School District,Elementary Schools (Public),Traditional,No ,N/A,N/A,N,K,6,300,231,77.0%,271,90.3%,277,214,77.3%,250,90.3%,Y
2024-2025,43,69450,6071542,Santa Clara,Franklin-McKinley Elementary,Stonegate Elementary,Elementary School District,Elementary Schools (Public),Traditional,No ,N/A,N/A,N,K,8,500,324,64.8%,380,76.0%,485,318,65.6%,372,76.7%,Y
2024-2025,43,69450,6105795,Santa Clara,Franklin-McKinley Elementary,Windmill Springs Elementary,Elementary School District,Elementary Schools (Public),Traditional,No ,N/A,N/A,N,K,8,598,382,63.9%,447,74.7%,581,375,64.5%,439,75.6%,Y
2024-2025,43,69450,6109433,Santa Clara,Franklin-McKinley Elementary,Jeanne R. Meadows Elementary,Elementary School District,Elementary Schools (Public),Traditional,No ,N/A,N/A,N,K,6,422,356,84.4%,389,92.2%,422,356,84.4%,389,92.2%,Y
2024-2025,43,69450,6115943,Santa Clara,Franklin-McKinley Elementary,"Shirakawa (George, Sr.) Elementary",Elementary School District,Elementary Schools (Public),Traditional,No ,N/A,N/A,N,K,8,508,387,76.2%,420,82.7%,508,387,76.2%,420,82.7%,Y
2024-2025,43,69468,0000001,Santa Clara,Fremont Union High,"Nonpublic, Nonsectarian Schools",High School District,N/A,N/A,N/A,N/A,N/A,N/A,N/A,N/A,35,7,20.0%,7,20.0%,20,6,30.0%,6,30.0%,Y
2024-2025,43,69468,4330569,Santa Clara,Fremont Union High,Community Day,High School District,District Community Day Schools,Community Day School,No ,N/A,N/A,N,9,12,6,1,16.7%,1,16.7%,6,1,16.7%,1,16.7%,Y
2024-2025,43,69468,4331799,Santa Clara,Fremont Union High,Cupertino High,High School District,High Schools (Public),Traditional,No ,N/A,N/A,N,9,12,1800,181,10.1%,184,10.2%,1750,173,9.9%,176,10.1%,Y
2024-2025,43,69468,4332474,Santa Clara,Fremont Union High,Fremont High,High School District,High Schools (Public),Traditional,No ,N/A,N/A,N,9,12,2060,485,23.5%,489,23.7%,1987,456,22.9%,459,23.1%,Y
2024-2025,43,69468,4333316,Santa Clara,Fremont Union High,Homestead High,High School District,High Schools (Public),Traditional,No ,N/A,N/A,N,9,12,2224,330,14.8%,354,15.9%,2167,308,14.2%,332,15.3%,Y
2024-2025,43,69468,4334421,Santa Clara,Fremont Union High,Lynbrook High,High School District,High Schools (Public),Traditional,No ,N/A,N/A,N,9,12,1702,109,6.4%,111,6.5%,1675,106,6.3%,107,6.4%,Y
2024-2025,43,69468,4334462,Santa Clara,Fremont Union High,Monta Vista High,High School District,High Schools (Public),Traditional,No ,N/A,N/A,N,9,12,1630,96,5.9%,97,6.0%,1595,92,5.8%,93,5.8%,Y
2024-2025,43,69484,0000001,Santa Clara,Gilroy Unified,"Nonpublic, Nonsectarian Schools",Unified School District,N/A,N/A,N/A,N/A,N/A,N/A,N/A,N/A,5,1,20.0%,1,20.0%,5,1,20.0%,1,20.0%,Y
2024-2025,43,69484,0100990,Santa Clara,Gilroy Unified,Solorsano Middle,Unified School District,Intermediate/Middle Schools (Public),Traditional,No ,N/A,N/A,N,6,8,749,331,44.2%,366,48.9%,749,331,44.2%,366,48.9%,Y
2024-2025,43,69484,0114496,Santa Clara,Gilroy Unified,Dr. TJ Owens Gilroy Early College Academy,Unified School District,High Schools (Public),Traditional,No ,N/A,N/A,N,9,12,304,90,29.6%,121,39.8%,302,89,29.5%,120,39.7%,Y
2024-2025,43,69484,0118380,Santa Clara,Gilroy Unified,Christopher High,Unified School District,High Schools (Public),Traditional,No ,N/A,N/A,N,9,12,1630,562,34.5%,619,38.0%,1611,556,34.5%,613,38.1%,Y
2024-2025,43,69484,0123760,Santa Clara,Gilroy Unified,Gilroy Prep (a Navigator School),Unified School District,Elementary Schools (Public),Traditional,Yes,1278,Directly funded,Y,K,8,587,226,38.5%,264,45.0%,548,215,39.2%,249,45.4%,Y
2024-2025,43,69484,4332839,Santa Clara,Gilroy Unified,Gilroy High,Unified School District,High Schools (Public),Traditional,No ,N/A,N/A,N,9,12,1618,755,46.7%,828,51.2%,1553,728,46.9%,798,51.4%,Y
2024-2025,43,69484,4334850,Santa Clara,Gilroy Unified,Mt. Madonna High,Unified School District,Continuation High Schools,Continuation School,No ,N/A,N/A,N,9,12,150,86,57.3%,93,62.0%,146,83,56.8%,90,61.6%,Y
2024-2025,43,69484,6047286,Santa Clara,Gilroy Unified,Luigi Aprea Elementary,Unified School District,Elementary Schools (Public),Traditional,No ,N/A,N/A,N,K,5,722,235,32.5%,260,36.0%,664,215,32.4%,239,36.0%,Y
2024-2025,43,69484,6047294,Santa Clara,Gilroy Unified,El Roble Elementary,Unified School District,Elementary Schools (Public),Traditional,No ,N/A,N/A,N,K,5,551,288,52.3%,317,57.5%,496,271,54.6%,299,60.3%,Y
2024-2025,43,69484,6047302,Santa Clara,Gilroy Unified,Eliot Elementary,Unified School District,Elementary Schools (Public),Traditional,No ,N/A,N/A,N,K,5,481,353,73.4%,375,78.0%,428,323,75.5%,344,80.4%,Y
2024-2025,43,69484,6047310,Santa Clara,Gilroy Unified,Glen View Elementary,Unified School District,Elementary Schools (Public),Traditional,No ,N/A,N/A,N,K,5,508,358,70.5%,376,74.0%,470,343,73.0%,360,76.6%,Y
2024-2025,43,69484,6047328,Santa Clara,Gilroy Unified,Las Animas Elementary,Unified School District,Elementary Schools (Public),Traditional,No ,N/A,N/A,N,K,5,800,275,34.4%,330,41.3%,800,275,34.4%,330,41.3%,Y
2024-2025,43,69484,6047336,Santa Clara,Gilroy Unified,Rucker Elementary,Unified School District,Elementary Schools (Public),Traditional,No ,N/A,N/A,N,K,5,510,294,57.6%,327,64.1%,510,294,57.6%,327,64.1%,Y
2024-2025,43,69484,6098214,Santa Clara,Gilroy Unified,South Valley Middle,Unified School District,Intermediate/Middle Schools (Public),Traditional,No ,N/A,N/A,N,6,8,784,386,49.2%,436,55.6%,784,386,49.2%,436,55.6%,Y
2024-2025,43,69484,6106991,Santa Clara,Gilroy Unified,Rod Kelley Elementary,Unified School District,Elementary Schools (Public),Traditional,No ,N/A,N/A,N,K,5,697,323,46.3%,377,54.1%,697,323,46.3%,377,54.1%,Y
2024-2025,43,69484,6111785,Santa Clara,Gilroy Unified,Brownell Middle,Unified School District,Intermediate/Middle Schools (Public),Traditional,No ,N/A,N/A,N,6,8,672,316,47.0%,378,56.3%,672,316,47.0%,378,56.3%,Y
2024-2025,43,69492,6047351,Santa Clara,Lakeside Joint,Lakeside Elementary,Elementary School District,Elemen Schools In 1 School Dist. (Public),Traditional,No ,N/A,N/A,N,K,5,64,7,10.9%,7,10.9%,59,7,11.9%,7,11.9%,Y
2024-2025,43,69500,0000001,Santa Clara,Loma Prieta Joint Union Elementary,"Nonpublic, Nonsectarian Schools",Elementary School District,N/A,N/A,N/A,N/A,N/A,N/A,N/A,N/A,2,1,50.0%,1,50.0%,2,1,50.0%,1,50.0%,Y
2024-2025,43,69500,6047369,Santa Clara,Loma Prieta Joint Union Elementary,Loma Prieta Elementary,Elementary School District,Elementary Schools (Public),Traditional,No ,N/A,N/A,N,K,5,259,30,11.6%,35,13.5%,259,30,11.6%,35,13.5%,Y
2024-2025,43,69500,6093058,Santa Clara,Loma Prieta Joint Union Elementary,C. T. English Middle,Elementary School District,Intermediate/Middle Schools (Public),Traditional,No ,N/A,N/A,N,6,8,164,17,10.4%,18,11.0%,164,17,10.4%,18,11.0%,Y
2024-2025,43,69518,0000001,Santa Clara,Los Altos Elementary,"Nonpublic, Nonsectarian Schools",Elementary School District,N/A,N/A,N/A,N/A,N/A,N/A,N/A,N/A,2,0,0.0%,0,0.0%,2,0,0.0%,0,0.0%,Y
2024-2025,43,69518,6047377,Santa Clara,Los Altos Elementary,Almond Elementary,Elementary School District,Elementary Schools (Public),Traditional,No ,N/A,N/A,N,K,6,354,35,9.9%,41,11.6%,335,34,10.1%,40,11.9%,Y
2024-2025,43,69518,6047385,Santa Clara,Los Altos Elementary,Ardis G. Egan Junior High,Elementary School District,Junior High Schools (Public),Traditional,No ,N/A,N/A,N,7,8,517,51,9.9%,52,10.1%,517,51,9.9%,52,10.1%,Y
2024-2025,43,69518,6047401,Santa Clara,Los Altos Elementary,Covington Elementary,Elementary School District,Elementary Schools (Public),Traditional,No ,N/A,N/A,N,K,6,404,30,7.4%,33,8.2%,387,29,7.5%,32,8.3%,Y
2024-2025,43,69518,6047427,Santa Clara,Los Altos Elementary,Gardner Bullis Elementary,Elementary School District,Elementary Schools (Public),Traditional,No ,N/A,N/A,N,K,6,313,6,1.9%,6,1.9%,297,6,2.0%,6,2.0%,Y
2024-2025,43,69518,6047435,Santa Clara,Los Altos Elementary,Georgina P. Blach Junior High,Elementary School District,Junior High Schools (Public),Traditional,No ,N/A,N/A,N,7,8,388,17,4.4%,17,4.4%,388,17,4.4%,17,4.4%,Y
2024-2025,43,69518,6047450,Santa Clara,Los Altos Elementary,Loyola Elementary,Elementary School District,Elementary Schools (Public),Traditional,No ,N/A,N/A,N,K,6,367,10,2.7%,10,2.7%,348,10,2.9%,10,2.9%,Y
2024-2025,43,69518,6047468,Santa Clara,Los Altos Elementary,Oak Avenue Elementary,Elementary School District,Elementary Schools (Public),Traditional,No ,N/A,N/A,N,K,6,334,9,2.7%,9,2.7%,314,9,2.9%,9,2.9%,Y
2024-2025,43,69518,6047492,Santa Clara,Los Altos Elementary,Santa Rita Elementary,Elementary School District,Elementary Schools (Public),Traditional,No ,N/A,N/A,N,K,6,326,58,17.8%,61,18.7%,307,55,17.9%,58,18.9%,Y
2024-2025,43,69518,6047500,Santa Clara,Los Altos Elementary,Springer Elementary,Elementary School District,Elementary Schools (Public),Traditional,No ,N/A,N/A,N,K,6,365,17,4.7%,18,4.9%,330,14,4.2%,15,4.5%,Y
2024-2025,43,69526,0000001,Santa Clara,Los Gatos Union Elementary,"Nonpublic, Nonsectarian Schools",Elementary School District,N/A,N/A,N/A,N/A,N/A,N/A,N/A,N/A,1,1,100.0%,1,100.0%,1,1,100.0%,1,100.0%,Y
2024-2025,43,69526,6047518,Santa Clara,Los Gatos Union Elementary,Blossom Hill Elementary,Elementary School District,Elementary Schools (Public),Traditional,No ,N/A,N/A,N,K,5,530,37,7.0%,37,7.0%,474,36,7.6%,36,7.6%,Y
2024-2025,43,69526,6047526,Santa Clara,Los Gatos Union Elementary,Daves Avenue Elementary,Elementary School District,Elementary Schools (Public),Traditional,No ,N/A,N/A,N,K,5,549,29,5.3%,29,5.3%,549,29,5.3%,29,5.3%,Y
2024-2025,43,69526,6047534,Santa Clara,Los Gatos Union Elementary,Lexington Elementary,Elementary School District,Elementary Schools (Public),Traditional,No ,N/A,N/A,N,K,5,174,9,5.2%,9,5.2%,143,7,4.9%,7,4.9%,Y
2024-2025,43,69526,6047542,Santa Clara,Los Gatos Union Elementary,Louise Van Meter Elementary,Elementary School District,Elementary Schools (Public),Traditional,No ,N/A,N/A,N,K,5,507,34,6.7%,34,6.7%,505,33,6.5%,33,6.5%,Y
2024-2025,43,69526,6047567,Santa Clara,Los Gatos Union Elementary,Raymond J. Fisher Middle,Elementary School District,Intermediate/Middle Schools (Public),Traditional,No ,N/A,N/A,N,6,8,1015,57,5.6%,57,5.6%,1015,57,5.6%,57,5.6%,Y
2024-2025,43,69534,0000001,Santa Clara,Los Gatos-Saratoga Union High,"Nonpublic, Nonsectarian Schools",High School District,N/A,N/A,N/A,N/A,N/A,N/A,N/A,N/A,9,1,11.1%,1,11.1%,5,1,20.0%,1,20.0%,Y
2024-2025,43,69534,4334371,Santa Clara,Los Gatos-Saratoga Union High,Los Gatos High,High School District,High Schools (Public),Traditional,No ,N/A,N/A,N,9,12,1914,131,6.8%,131,6.8%,1860,127,6.8%,127,6.8%,Y
2024-2025,43,69534,4337762,Santa Clara,Los Gatos-Saratoga Union High,Saratoga High,High School District,High Schools (Public),Traditional,No ,N/A,N/A,N,9,12,1161,39,3.4%,40,3.4%,1106,35,3.2%,36,3.3%,Y
2024-2025,43,69542,6047575,Santa Clara,Luther Burbank,Luther Burbank Elementary,Elementary School District,Elemen Schools In 1 School Dist. (Public),Traditional,No ,N/A,N/A,N,P,8,426,277,65.0%,297,69.7%,413,267,64.6%,286,69.2%,Y
2024-2025,43,69575,0000001,Santa Clara,Moreland,"Nonpublic, Nonsectarian Schools",Elementary School District,N/A,N/A,N/A,N/A,N/A,N/A,N/A,N/A,8,5,62.5%,5,62.5%,8,5,62.5%,5,62.5%,Y
2024-2025,43,69575,0129940,Santa Clara,Moreland,Latimer,Elementary School District,Elementary Schools (Public),Traditional,No ,N/A,N/A,N,K,8,491,197,40.1%,233,47.5%,469,187,39.9%,221,47.1%,Y
2024-2025,43,69575,6047740,Santa Clara,Moreland,Country Lane Elementary,Elementary School District,Elementary Schools (Public),Traditional,No ,N/A,N/A,N,K,5,444,124,27.9%,133,30.0%,415,118,28.4%,127,30.6%,Y
2024-2025,43,69575,6047765,Santa Clara,Moreland,Easterbrook Discovery,Elementary School District,Elementary Schools (Public),Traditional,No ,N/A,N/A,N,K,8,952,200,21.0%,211,22.2%,933,197,21.1%,206,22.1%,Y
2024-2025,43,69575,6047781,Santa Clara,Moreland,Moreland Middle,Elementary School District,Intermediate/Middle Schools (Public),Traditional,No ,N/A,N/A,N,6,8,707,237,33.5%,271,38.3%,707,237,33.5%,271,38.3%,Y
2024-2025,43,69575,6047799,Santa Clara,Moreland,George C. Payne Elementary,Elementary School District,Elementary Schools (Public),Traditional,No ,N/A,N/A,N,K,5,417,113,27.1%,131,31.4%,398,108,27.1%,125,31.4%,Y
2024-2025,43,69575,6047807,Santa Clara,Moreland,Gussie M. Baker Elementary,Elementary School District,Elementary Schools (Public),Traditional,No ,N/A,N/A,N,K,5,400,67,16.8%,76,19.0%,371,64,17.3%,73,19.7%,Y
2024-2025,43,69575,6047831,Santa Clara,Moreland,Leroy Anderson Elementary,Elementary School District,Elementary Schools (Public),Traditional,No ,N/A,N/A,N,K,5,377,293,77.7%,322,85.4%,350,275,78.6%,303,86.6%,Y
2024-2025,43,69583,0000001,Santa Clara,Morgan Hill Unified,"Nonpublic, Nonsectarian Schools",Unified School District,N/A,N/A,N/A,N/A,N/A,N/A,N/A,N/A,10,5,50.0%,5,50.0%,9,4,44.4%,4,44.4%,Y
2024-2025,43,69583,0102368,Santa Clara,Morgan Hill Unified,Ann Sobrato High,Unified School District,High Schools (Public),Traditional,No ,N/A,N/A,N,9,12,1511,438,29.0%,458,30.3%,1483,429,28.9%,449,30.3%,Y
2024-2025,43,69583,4333951,Santa Clara,Morgan Hill Unified,Live Oak High,Unified School District,High Schools (Public),Traditional,No ,N/A,N/A,N,9,12,1101,441,40.1%,462,42.0%,1069,430,40.2%,451,42.2%,Y
2024-2025,43,69583,4334488,Santa Clara,Morgan Hill Unified,Central High (Continuation),Unified School District,Continuation High Schools,Continuation School,No ,N/A,N/A,N,10,12,83,50,60.2%,52,62.7%,61,43,70.5%,44,72.1%,Y
2024-2025,43,69583,6047914,Santa Clara,Morgan Hill Unified,Nordstrom Elementary,Unified School District,Elementary Schools (Public),Traditional,No ,N/A,N/A,N,K,5,645,140,21.7%,143,22.2%,593,129,21.8%,132,22.3%,Y
2024-2025,43,69583,6047922,Santa Clara,Morgan Hill Unified,P. A. Walsh STEAM Academy,Unified School District,Elementary Schools (Public),Traditional,No ,N/A,N/A,N,K,5,359,238,66.3%,249,69.4%,341,231,67.7%,241,70.7%,Y
2024-2025,43,69583,6047948,Santa Clara,Morgan Hill Unified,San Martin Gwinn Environmental Science Academy,Unified School District,Elementary Schools (Public),Traditional,No ,N/A,N/A,N,K,8,643,349,54.3%,366,56.9%,616,337,54.7%,352,57.1%,Y
2024-2025,43,69583,6095384,Santa Clara,Morgan Hill Unified,Lewis H. Britton Middle,Unified School District,Junior High Schools (Public),Traditional,No ,N/A,N/A,N,6,8,637,273,42.9%,287,45.1%,637,273,42.9%,287,45.1%,Y
2024-2025,43,69583,6095392,Santa Clara,Morgan Hill Unified,Los Paseos Elementary,Unified School District,Elementary Schools (Public),Traditional,No ,N/A,N/A,N,K,5,403,157,39.0%,163,40.4%,373,148,39.7%,152,40.8%,Y
2024-2025,43,69583,6098263,Santa Clara,Morgan Hill Unified,Jackson Academy of Music and Math (JAMM),Unified School District,Elementary Schools (Public),Traditional,No ,N/A,N/A,N,K,8,690,173,25.1%,179,25.9%,684,170,24.9%,176,25.7%,Y
2024-2025,43,69583,6098271,Santa Clara,Morgan Hill Unified,Paradise Valley Engineering Academy,Unified School District,Elementary Schools (Public),Traditional,No ,N/A,N/A,N,K,5,442,109,24.7%,114,25.8%,401,104,25.9%,108,26.9%,Y
2024-2025,43,69583,6100325,Santa Clara,Morgan Hill Unified,Martin Murphy Middle,Unified School District,Junior High Schools (Public),Traditional,No ,N/A,N/A,N,6,8,466,199,42.7%,212,45.5%,466,199,42.7%,212,45.5%,Y
2024-2025,43,69583,6109375,Santa Clara,Morgan Hill Unified,El Toro Health Science Academy,Unified School District,Elementary Schools (Public),Traditional,No ,N/A,N/A,N,K,5,456,152,33.3%,160,35.1%,421,146,34.7%,154,36.6%,Y
2024-2025,43,69583,6118376,Santa Clara,Morgan Hill Unified,Barrett Elementary,Unified School District,Elementary Schools (Public),Traditional,No ,N/A,N/A,N,K,5,374,244,65.2%,252,67.4%,356,238,66.9%,246,69.1%,Y
2024-2025,43,69583,6118541,Santa Clara,Morgan Hill Unified,Charter School of Morgan Hill,Unified School District,Elementary Schools (Public),Traditional,Yes,0363,Directly funded,Y,K,8,654,53,8.1%,55,8.4%,654,53,8.1%,55,8.4%,Y
2024-2025,43,69591,0000001,Santa Clara,Mountain View Whisman,"Nonpublic, Nonsectarian Schools",Elementary School District,N/A,N/A,N/A,N/A,N/A,N/A,N/A,N/A,16,3,18.8%,3,18.8%,16,3,18.8%,3,18.8%,Y
2024-2025,43,69591,0132373,Santa Clara,Mountain View Whisman,Gabriela Mistral Elementary,Elementary School District,Elementary Schools (Public),Traditional,No ,N/A,N/A,N,K,5,366,167,45.6%,177,48.4%,348,160,46.0%,170,48.9%,Y
2024-2025,43,69591,0138750,Santa Clara,Mountain View Whisman,Jose Antonio Vargas Elementary,Elementary School District,Elementary Schools (Public),Traditional,No ,N/A,N/A,N,K,5,368,84,22.8%,86,23.4%,368,84,22.8%,86,23.4%,Y
2024-2025,43,69591,6047955,Santa Clara,Mountain View Whisman,Benjamin Bubb Elementary,Elementary School District,Elementary Schools (Public),Traditional,No ,N/A,N/A,N,K,5,312,54,17.3%,54,17.3%,312,54,17.3%,54,17.3%,Y
2024-2025,43,69591,6047963,Santa Clara,Mountain View Whisman,Edith Landels Elementary,Elementary School District,Elementary Schools (Public),Traditional,No ,N/A,N/A,N,K,5,399,80,20.1%,84,21.1%,399,80,20.1%,84,21.1%,Y
2024-2025,43,69591,6047971,Santa Clara,Mountain View Whisman,Amy Imai Elementary,Elementary School District,Elementary Schools (Public),Traditional,No ,N/A,N/A,N,K,5,388,38,9.8%,43,11.1%,351,35,10.0%,40,11.4%,Y
2024-2025,43,69591,6047989,Santa Clara,Mountain View Whisman,Isaac Newton Graham Middle,Elementary School District,Intermediate/Middle Schools (Public),Traditional,No ,N/A,N/A,N,6,8,860,214,24.9%,226,26.3%,860,214,24.9%,226,26.3%,Y
2024-2025,43,69591,6048003,Santa Clara,Mountain View Whisman,Mariano Castro Elementary,Elementary School District,Elementary Schools (Public),Traditional,No ,N/A,N/A,N,K,5,248,184,74.2%,205,82.7%,229,172,75.1%,190,83.0%,Y
2024-2025,43,69591,6049464,Santa Clara,Mountain View Whisman,Stevenson Elementary,Elementary School District,Elementary Schools (Public),Traditional,No ,N/A,N/A,N,K,5,461,56,12.1%,62,13.4%,461,56,12.1%,62,13.4%,Y
2024-2025,43,69591,6049472,Santa Clara,Mountain View Whisman,Crittenden Middle,Elementary School District,Intermediate/Middle Schools (Public),Traditional,No ,N/A,N/A,N,6,8,616,128,20.8%,146,23.7%,616,128,20.8%,146,23.7%,Y
2024-2025,43,69591,6049480,Santa Clara,Mountain View Whisman,Monta Loma Elementary,Elementary School District,Elementary Schools (Public),Traditional,No ,N/A,N/A,N,K,5,298,75,25.2%,88,29.5%,231,66,28.6%,77,33.3%,Y
2024-2025,43,69591,6049514,Santa Clara,Mountain View Whisman,Theuerkauf Elementary,Elementary School District,Elementary Schools (Public),Traditional,No ,N/A,N/A,N,K,5,308,110,35.7%,119,38.6%,266,97,36.5%,104,39.1%,Y
2024-2025,43,69609,0000001,Santa Clara,Mountain View-Los Altos Union High,"Nonpublic, Nonsectarian Schools",High School District,N/A,N/A,N/A,N/A,N/A,N/A,N/A,N/A,24,2,8.3%,2,8.3%,22,2,9.1%,2,9.1%,Y
2024-2025,43,69609,4334116,Santa Clara,Mountain View-Los Altos Union High,Los Altos High,High School District,High Schools (Public),Traditional,No ,N/A,N/A,N,9,12,2170,343,15.8%,359,16.5%,2124,332,15.6%,348,16.4%,Y
2024-2025,43,69609,4334728,Santa Clara,Mountain View-Los Altos Union High,Mountain View High,High School District,High Schools (Public),Traditional,No ,N/A,N/A,N,9,12,2187,269,12.3%,277,12.7%,2109,255,12.1%,263,12.5%,Y
2024-2025,43,69609,4334736,Santa Clara,Mountain View-Los Altos Union High,Alta Vista High,High School District,Continuation High Schools,Continuation School,No ,N/A,N/A,N,9,12,78,39,50.0%,39,50.0%,73,36,49.3%,36,49.3%,Y
2024-2025,43,69617,0000001,Santa Clara,Mount Pleasant Elementary,"Nonpublic, Nonsectarian Schools",Elementary School District,N/A,N/A,N/A,N/A,N/A,N/A,N/A,N/A,4,1,25.0%,1,25.0%,4,1,25.0%,1,25.0%,Y
2024-2025,43,69617,6048037,Santa Clara,Mount Pleasant Elementary,August Boeger Middle,Elementary School District,Intermediate/Middle Schools (Public),Traditional,No ,N/A,N/A,N,6,8,397,277,69.8%,325,81.9%,397,277,69.8%,325,81.9%,Y
2024-2025,43,69617,6048045,Santa Clara,Mount Pleasant Elementary,Ida Jew Academies,Elementary School District,Elementary Schools (Public),Traditional,Yes,1243,Locally funded,N,K,8,435,258,59.3%,301,69.2%,413,243,58.8%,284,68.8%,Y
2024-2025,43,69617,6048060,Santa Clara,Mount Pleasant Elementary,Mt. Pleasant Elementary,Elementary School District,Elementary Schools (Public),Traditional,No ,N/A,N/A,N,P,5,172,130,75.6%,137,79.7%,160,122,76.3%,127,79.4%,Y
2024-2025,43,69617,6048078,Santa Clara,Mount Pleasant Elementary,Robert Sanders Elementary,Elementary School District,Elementary Schools (Public),Traditional,No ,N/A,N/A,N,P,5,304,203,66.8%,239,78.6%,291,198,68.0%,234,80.4%,Y
2024-2025,43,69617,6067227,Santa Clara,Mount Pleasant Elementary,Valle Vista Elementary,Elementary School District,Elementary Schools (Public),Traditional,No ,N/A,N/A,N,K,5,204,119,58.3%,134,65.7%,191,117,61.3%,132,69.1%,Y
2024-2025,43,69625,0000001,Santa Clara,Oak Grove Elementary,"Nonpublic, Nonsectarian Schools",Elementary School District,N/A,N/A,N/A,N/A,N/A,N/A,N/A,N/A,24,4,16.7%,4,16.7%,24,4,16.7%,4,16.7%,Y
2024-2025,43,69625,0140590,Santa Clara,Oak Grove Elementary,Indigo,Elementary School District,Alternative Schools of Choice,Alternative School of Choice,No ,N/A,N/A,N,K,8,267,41,15.4%,48,18.0%,267,41,15.4%,48,18.0%,Y
2024-2025,43,69625,6048086,Santa Clara,Oak Grove Elementary,Anderson (Alex) Elementary,Elementary School District,Elementary Schools (Public),Traditional,No ,N/A,N/A,N,K,6,492,239,48.6%,275,55.9%,453,225,49.7%,255,56.3%,Y
2024-2025,43,69625,6048094,Santa Clara,Oak Grove Elementary,Davis (Caroline) Intermediate,Elementary School District,Intermediate/Middle Schools (Public),Traditional,No ,N/A,N/A,N,7,8,537,300,55.9%,332,61.8%,537,300,55.9%,332,61.8%,Y
2024-2025,43,69625,6048102,Santa Clara,Oak Grove Elementary,Christopher Elementary,Elementary School District,Elementary Schools (Public),Traditional,No ,N/A,N/A,N,K,8,446,243,54.5%,285,63.9%,419,236,56.3%,276,65.9%,Y
2024-2025,43,69625,6048110,Santa Clara,Oak Grove Elementary,Frost (Earl) Elementary,Elementary School District,Elementary Schools (Public),Traditional,No ,N/A,N/A,N,K,6,313,83,26.5%,104,33.2%,293,78,26.6%,99,33.8%,Y
2024-2025,43,69625,6048128,Santa Clara,Oak Grove Elementary,Edenvale Elementary,Elementary School District,Elementary Schools (Public),Traditional,No ,N/A,N/A,N,K,6,357,236,66.1%,243,68.1%,339,223,65.8%,230,67.8%,Y
2024-2025,43,69625,6048177,Santa Clara,Oak Grove Elementary,Stipe (Samuel) Elementary,Elementary School District,Elementary Schools (Public),Traditional,No ,N/A,N/A,N,K,6,310,155,50.0%,188,60.6%,291,149,51.2%,181,62.2%,Y
2024-2025,43,69625,6067243,Santa Clara,Oak Grove Elementary,Santa Teresa Elementary,Elementary School District,Elementary Schools (Public),Traditional,No ,N/A,N/A,N,K,6,542,126,23.2%,157,29.0%,502,121,24.1%,148,29.5%,Y
2024-2025,43,69625,6068167,Santa Clara,Oak Grove Elementary,Herman (Leonard) Intermediate,Elementary School District,Intermediate/Middle Schools (Public),Traditional,No ,N/A,N/A,N,5,8,723,200,27.7%,225,31.1%,723,200,27.7%,225,31.1%,Y
2024-2025,43,69625,6072144,Santa Clara,Oak Grove Elementary,Sakamoto Elementary,Elementary School District,Elementary Schools (Public),Traditional,No ,N/A,N/A,N,K,6,571,125,21.9%,152,26.6%,550,123,22.4%,149,27.1%,Y
2024-2025,43,69625,6072151,Santa Clara,Oak Grove Elementary,Del Roble Elementary,Elementary School District,Elementary Schools (Public),Traditional,No ,N/A,N/A,N,K,6,420,145,34.5%,176,41.9%,402,138,34.3%,166,41.3%,Y
2024-2025,43,69625,6072177,Santa Clara,Oak Grove Elementary,Bernal Intermediate,Elementary School District,Intermediate/Middle Schools (Public),Traditional,No ,N/A,N/A,N,7,8,675,253,37.5%,283,41.9%,675,253,37.5%,283,41.9%,Y
2024-2025,43,69625,6088306,Santa Clara,Oak Grove Elementary,Oak Ridge Elementary,Elementary School District,Elementary Schools (Public),Traditional,No ,N/A,N/A,N,K,6,495,142,28.7%,171,34.5%,468,137,29.3%,164,35.0%,Y
2024-2025,43,69625,6093066,Santa Clara,Oak Grove Elementary,Parkview Elementary,Elementary School District,Elementary Schools (Public),Traditional,No ,N/A,N/A,N,K,6,549,322,58.7%,354,64.5%,532,313,58.8%,345,64.8%,Y
2024-2025,43,69625,6095400,Santa Clara,Oak Grove Elementary,Baldwin (Julia) Elementary,Elementary School District,Elementary Schools (Public),Traditional,No ,N/A,N/A,N,P,6,425,133,31.3%,149,35.1%,405,130,32.1%,144,35.6%,Y
2024-2025,43,69625,6097430,Santa Clara,Oak Grove Elementary,Taylor (Bertha) Elementary,Elementary School District,Elementary Schools (Public),Traditional,No ,N/A,N/A,N,K,6,497,104,20.9%,120,24.1%,471,100,21.2%,114,24.2%,Y
2024-2025,43,69625,6099451,Santa Clara,Oak Grove Elementary,Hayes Elementary,Elementary School District,Elementary Schools (Public),Traditional,No ,N/A,N/A,N,K,6,470,225,47.9%,265,56.4%,447,218,48.8%,253,56.6%,Y
2024-2025,43,69625,6116081,Santa Clara,Oak Grove Elementary,Ledesma (Rita) Elementary,Elementary School District,Elementary Schools (Public),Traditional,No ,N/A,N/A,N,K,6,426,116,27.2%,149,35.0%,407,111,27.3%,143,35.1%,Y
2024-2025,43,69633,0000001,Santa Clara,Orchard Elementary,"Nonpublic, Nonsectarian Schools",Elementary School District,N/A,N/A,N/A,N/A,N/A,N/A,N/A,N/A,1,0,0.0%,0,0.0%,1,0,0.0%,0,0.0%,Y
2024-2025,43,69633,6048185,Santa Clara,Orchard Elementary,Orchard Elementary,Elementary School District,Elemen Schools In 1 School Dist. (Public),Traditional,No ,N/A,N/A,N,K,8,740,344,46.5%,371,50.1%,712,336,47.2%,363,51.0%,Y
2024-2025,43,69641,0000001,Santa Clara,Palo Alto Unified,"Nonpublic, Nonsectarian Schools",Unified School District,N/A,N/A,N/A,N/A,N/A,N/A,N/A,N/A,21,2,9.5%,2,9.5%,21,2,9.5%,2,9.5%,Y
2024-2025,43,69641,0142349,Santa Clara,Palo Alto Unified,Palo Alto Middle College High,Unified School District,High Schools (Public),Traditional,No ,N/A,N/A,N,9,12,45,6,13.3%,6,13.3%,45,6,13.3%,6,13.3%,Y
2024-2025,43,69641,4332904,Santa Clara,Palo Alto Unified,Henry M. Gunn High,Unified School District,High Schools (Public),Traditional,No ,N/A,N/A,N,9,12,1643,179,10.9%,192,11.7%,1596,173,10.8%,186,11.7%,Y
2024-2025,43,69641,4335782,Santa Clara,Palo Alto Unified,Palo Alto High,Unified School District,High Schools (Public),Traditional,No ,N/A,N/A,N,9,12,1891,232,12.3%,252,13.3%,1816,222,12.2%,241,13.3%,Y
2024-2025,43,69641,6048193,Santa Clara,Palo Alto Unified,Addison Elementary,Unified School District,Elementary Schools (Public),Traditional,No ,N/A,N/A,N,K,5,366,57,15.6%,63,17.2%,366,57,15.6%,63,17.2%,Y
2024-2025,43,69641,6048201,Santa Clara,Palo Alto Unified,Herbert Hoover Elementary,Unified School District,Elementary Schools (Public),Traditional,No ,N/A,N/A,N,K,5,389,24,6.2%,26,6.7%,389,24,6.2%,26,6.7%,Y
2024-2025,43,69641,6048235,Santa Clara,Palo Alto Unified,El Carmelo Elementary,Unified School District,Elementary Schools (Public),Traditional,No ,N/A,N/A,N,K,5,282,50,17.7%,52,18.4%,282,50,17.7%,52,18.4%,Y
2024-2025,43,69641,6048243,Santa Clara,Palo Alto Unified,Ohlone Elementary,Unified School District,Elementary Schools (Public),Traditional,No ,N/A,N/A,N,K,5,464,34,7.3%,39,8.4%,464,34,7.3%,39,8.4%,Y
2024-2025,43,69641,6048250,Santa Clara,Palo Alto Unified,Escondido Elementary,Unified School District,Elementary Schools (Public),Traditional,No ,N/A,N/A,N,K,5,432,78,18.1%,89,20.6%,432,78,18.1%,89,20.6%,Y
2024-2025,43,69641,6048268,Santa Clara,Palo Alto Unified,Fairmeadow Elementary,Unified School District,Elementary Schools (Public),Traditional,No ,N/A,N/A,N,K,5,425,48,11.3%,52,12.2%,387,43,11.1%,46,11.9%,Y
2024-2025,43,69641,6048292,Santa Clara,Palo Alto Unified,Duveneck Elementary,Unified School District,Elementary Schools (Public),Traditional,No ,N/A,N/A,N,K,5,376,44,11.7%,51,13.6%,333,42,12.6%,49,14.7%,Y
2024-2025,43,69641,6048300,Santa Clara,Palo Alto Unified,Greendell,Unified School District,Elementary Schools (Public),Traditional,No ,N/A,N/A,N,P,K,26,2,7.7%,2,7.7%,26,2,7.7%,2,7.7%,Y
2024-2025,43,69641,6048326,Santa Clara,Palo Alto Unified,Juana Briones Elementary,Unified School District,Elementary Schools (Public),Traditional,No ,N/A,N/A,N,K,5,260,24,9.2%,28,10.8%,260,24,9.2%,28,10.8%,Y
2024-2025,43,69641,6048359,Santa Clara,Palo Alto Unified,Palo Verde Elementary,Unified School District,Elementary Schools (Public),Traditional,No ,N/A,N/A,N,K,5,334,41,12.3%,42,12.6%,334,41,12.3%,42,12.6%,Y
2024-2025,43,69641,6048375,Santa Clara,Palo Alto Unified,Packard Children's Hospital/Stanford,Unified School District,K-12 Schools (Public),Home and Hospital,No ,N/A,N/A,N,K,12,15,3,20.0%,3,20.0%,14,3,21.4%,3,21.4%,Y
2024-2025,43,69641,6048409,Santa Clara,Palo Alto Unified,Walter Hays Elementary,Unified School District,Elementary Schools (Public),Traditional,No ,N/A,N/A,N,K,5,305,47,15.4%,52,17.0%,267,43,16.1%,48,18.0%,Y
2024-2025,43,69641,6060065,Santa Clara,Palo Alto Unified,Frank S. Greene Jr. Middle,Unified School District,Intermediate/Middle Schools (Public),Traditional,No ,N/A,N/A,N,6,8,732,109,14.9%,124,16.9%,732,109,14.9%,124,16.9%,Y
2024-2025,43,69641,6060081,Santa Clara,Palo Alto Unified,Jane Lathrop Stanford Middle,Unified School District,Intermediate/Middle Schools (Public),Traditional,No ,N/A,N/A,N,6,8,1002,98,9.8%,107,10.7%,1002,98,9.8%,107,10.7%,Y
2024-2025,43,69641,6068241,Santa Clara,Palo Alto Unified,Lucille M. Nixon Elementary,Unified School District,Elementary Schools (Public),Traditional,No ,N/A,N/A,N,K,5,350,20,5.7%,21,6.0%,350,20,5.7%,21,6.0%,Y
2024-2025,43,69641,6115562,Santa Clara,Palo Alto Unified,Barron Park Elementary,Unified School District,Elementary Schools (Public),Traditional,No ,N/A,N/A,N,K,5,278,78,28.1%,83,29.9%,232,69,29.7%,73,31.5%,Y
2024-2025,43,69641,6118707,Santa Clara,Palo Alto Unified,Ellen Fletcher Middle,Unified School District,Intermediate/Middle Schools (Public),Traditional,No ,N/A,N/A,N,6,8,572,72,12.6%,78,13.6%,572,72,12.6%,78,13.6%,Y
2024-2025,43,69666,0000001,Santa Clara,San Jose Unified,"Nonpublic, Nonsectarian Schools",Unified School District,N/A,N/A,N/A,N/A,N/A,N/A,N/A,N/A,97,23,23.7%,23,23.7%,84,22,26.2%,22,26.2%,Y
2024-2025,43,69666,0129718,Santa Clara,San Jose Unified,Downtown College Preparatory Middle,Unified School District,Intermediate/Middle Schools (Public),Traditional,Yes,1623,Directly funded,Y,5,8,231,157,68.0%,188,81.4%,231,157,68.0%,188,81.4%,Y
2024-2025,43,69666,0131656,Santa Clara,San Jose Unified,ACE Inspire Academy,Unified School District,Intermediate/Middle Schools (Public),Traditional,Yes,1546,Directly funded,Y,5,8,205,153,74.6%,178,86.8%,205,153,74.6%,178,86.8%,Y
2024-2025,43,69666,4330080,Santa Clara,San Jose Unified,Gunderson High,Unified School District,High Schools (Public),Traditional,No ,N/A,N/A,N,9,12,744,341,45.8%,406,54.6%,734,334,45.5%,399,54.4%,Y
2024-2025,43,69666,4330502,Santa Clara,San Jose Unified,Liberty Alternative,Unified School District,Alternative Schools of Choice,Alternative School of Choice,No ,N/A,N/A,N,6,12,274,135,49.3%,150,54.7%,193,102,52.8%,112,58.0%,Y
2024-2025,43,69666,4330585,Santa Clara,San Jose Unified,Downtown College Preparatory,Unified School District,High Schools (Public),Traditional,Yes,0287,Directly funded,Y,9,12,520,363,69.8%,410,78.8%,507,355,70.0%,400,78.9%,Y
2024-2025,43,69666,4332110,Santa Clara,San Jose Unified,Broadway High,Unified School District,Continuation High Schools,Continuation School,No ,N/A,N/A,N,9,12,176,116,65.9%,125,71.0%,148,97,65.5%,104,70.3%,Y
2024-2025,43,69666,4333522,Santa Clara,San Jose Unified,Leland High,Unified School District,High Schools (Public),Traditional,No ,N/A,N/A,N,9,12,1471,124,8.4%,166,11.3%,1451,122,8.4%,163,11.2%,Y
2024-2025,43,69666,4333795,Santa Clara,San Jose Unified,Abraham Lincoln High,Unified School District,High Schools (Public),Traditional,No ,N/A,N/A,N,9,12,1590,735,46.2%,893,56.2%,1566,726,46.4%,884,56.4%,Y
2024-2025,43,69666,4335949,Santa Clara,San Jose Unified,Pioneer High,Unified School District,High Schools (Public),Traditional,No ,N/A,N/A,N,9,12,1393,340,24.4%,429,30.8%,1361,335,24.6%,424,31.2%,Y
2024-2025,43,69666,4337200,Santa Clara,San Jose Unified,San Jose High,Unified School District,High Schools (Public),Traditional,No ,N/A,N/A,N,9,12,874,537,61.4%,611,69.9%,858,523,61.0%,597,69.6%,Y
2024-2025,43,69666,4338950,Santa Clara,San Jose Unified,Willow Glen High,Unified School District,High Schools (Public),Traditional,No ,N/A,N/A,N,9,12,1543,483,31.3%,599,38.8%,1511,475,31.4%,589,39.0%,Y
2024-2025,43,69666,6048417,Santa Clara,San Jose Unified,Allen at Steinbeck,Unified School District,Elementary Schools (Public),Traditional,No ,N/A,N/A,N,K,5,406,252,62.1%,280,69.0%,373,237,63.5%,265,71.0%,Y
2024-2025,43,69666,6048425,Santa Clara,San Jose Unified,Almaden Elementary,Unified School District,Elementary Schools (Public),Traditional,No ,N/A,N/A,N,K,5,305,187,61.3%,219,71.8%,275,176,64.0%,203,73.8%,Y
2024-2025,43,69666,6048433,Santa Clara,San Jose Unified,Anne Darling Elementary,Unified School District,Elementary Schools (Public),Traditional,No ,N/A,N/A,N,K,5,260,169,65.0%,190,73.1%,239,157,65.7%,177,74.1%,Y
2024-2025,43,69666,6048474,Santa Clara,San Jose Unified,Booksin Elementary,Unified School District,Elementary Schools (Public),Traditional,No ,N/A,N/A,N,K,5,715,74,10.3%,85,11.9%,647,66,10.2%,76,11.7%,Y
2024-2025,43,69666,6048490,Santa Clara,San Jose Unified,Canoas Elementary,Unified School District,Elementary Schools (Public),Traditional,No ,N/A,N/A,N,K,5,282,179,63.5%,202,71.6%,265,170,64.2%,189,71.3%,Y
2024-2025,43,69666,6048516,Santa Clara,San Jose Unified,Empire Gardens Elementary,Unified School District,Elementary Schools (Public),Traditional,No ,N/A,N/A,N,K,5,214,133,62.1%,151,70.6%,196,125,63.8%,142,72.4%,Y
2024-2025,43,69666,6048532,Santa Clara,San Jose Unified,Gardner Elementary,Unified School District,Elementary Schools (Public),Traditional,No ,N/A,N/A,N,K,5,385,242,62.9%,270,70.1%,353,224,63.5%,252,71.4%,Y
2024-2025,43,69666,6048540,Santa Clara,San Jose Unified,Grant Elementary,Unified School District,Elementary Schools (Public),Traditional,No ,N/A,N/A,N,K,5,383,241,62.9%,267,69.7%,349,220,63.0%,246,70.5%,Y
2024-2025,43,69666,6048565,Santa Clara,San Jose Unified,Hammer Montessori at Galarza Elementary,Unified School District,Elementary Schools (Public),Traditional,No ,N/A,N/A,N,K,5,309,52,16.8%,62,20.1%,309,52,16.8%,62,20.1%,Y
2024-2025,43,69666,6048599,Santa Clara,San Jose Unified,Horace Mann Elementary,Unified School District,Elementary Schools (Public),Traditional,No ,N/A,N/A,N,K,5,293,193,65.9%,218,74.4%,276,185,67.0%,209,75.7%,Y
2024-2025,43,69666,6048649,Santa Clara,San Jose Unified,Lowell Elementary,Unified School District,Elementary Schools (Public),Traditional,No ,N/A,N/A,N,K,5,261,196,75.1%,222,85.1%,243,181,74.5%,207,85.2%,Y
2024-2025,43,69666,6048656,Santa Clara,San Jose Unified,Merritt Trace Elementary,Unified School District,Elementary Schools (Public),Traditional,No ,N/A,N/A,N,K,5,829,398,48.0%,450,54.3%,759,364,48.0%,413,54.4%,Y
2024-2025,43,69666,6048664,Santa Clara,San Jose Unified,Reed Elementary,Unified School District,Elementary Schools (Public),Traditional,No ,N/A,N/A,N,K,5,356,69,19.4%,86,24.2%,322,64,19.9%,81,25.2%,Y
2024-2025,43,69666,6048672,Santa Clara,San Jose Unified,River Glen,Unified School District,Elementary Schools (Public),Traditional,No ,N/A,N/A,N,K,8,463,158,34.1%,217,46.9%,463,158,34.1%,217,46.9%,Y
2024-2025,43,69666,6048680,Santa Clara,San Jose Unified,Schallenberger Elementary,Unified School District,Elementary Schools (Public),Traditional,No ,N/A,N/A,N,K,5,509,118,23.2%,130,25.5%,459,108,23.5%,120,26.1%,Y
2024-2025,43,69666,6048698,Santa Clara,San Jose Unified,Selma Olinder Elementary,Unified School District,Elementary Schools (Public),Traditional,No ,N/A,N/A,N,K,5,269,185,68.8%,216,80.3%,241,171,71.0%,198,82.2%,Y
2024-2025,43,69666,6048706,Santa Clara,San Jose Unified,Simonds Elementary,Unified School District,Elementary Schools (Public),Traditional,No ,N/A,N/A,N,K,5,480,41,8.5%,44,9.2%,443,41,9.3%,44,9.9%,Y
2024-2025,43,69666,6048714,Santa Clara,San Jose Unified,Terrell Elementary,Unified School District,Elementary Schools (Public),Traditional,No ,N/A,N/A,N,K,5,255,104,40.8%,138,54.1%,226,94,41.6%,123,54.4%,Y
2024-2025,43,69666,6048722,Santa Clara,San Jose Unified,Hacienda Science/Environmental Magnet,Unified School District,Elementary Schools (Public),Traditional,No ,N/A,N/A,N,K,5,622,103,16.6%,139,22.3%,622,103,16.6%,139,22.3%,Y
2024-2025,43,69666,6048730,Santa Clara,San Jose Unified,Walter L. Bachrodt Elementary,Unified School District,Elementary Schools (Public),Traditional,No ,N/A,N/A,N,K,5,398,195,49.0%,244,61.3%,367,183,49.9%,228,62.1%,Y
2024-2025,43,69666,6048748,Santa Clara,San Jose Unified,Washington Elementary,Unified School District,Elementary Schools (Public),Traditional,No ,N/A,N/A,N,K,5,329,243,73.9%,273,83.0%,309,231,74.8%,260,84.1%,Y
2024-2025,43,69666,6048755,Santa Clara,San Jose Unified,Williams Elementary,Unified School District,Elementary Schools (Public),Traditional,No ,N/A,N/A,N,K,5,559,36,6.4%,46,8.2%,523,34,6.5%,44,8.4%,Y
2024-2025,43,69666,6048763,Santa Clara,San Jose Unified,Willow Glen Elementary,Unified School District,Elementary Schools (Public),Traditional,No ,N/A,N/A,N,K,5,660,206,31.2%,237,35.9%,611,194,31.8%,224,36.7%,Y
2024-2025,43,69666,6060099,Santa Clara,San Jose Unified,Bret Harte Middle,Unified School District,Intermediate/Middle Schools (Public),Traditional,No ,N/A,N/A,N,6,8,862,77,8.9%,103,11.9%,862,77,8.9%,103,11.9%,Y
2024-2025,43,69666,6060107,Santa Clara,San Jose Unified,Willow Glen Middle,Unified School District,Intermediate/Middle Schools (Public),Traditional,No ,N/A,N/A,N,6,8,1180,350,29.7%,433,36.7%,1180,350,29.7%,433,36.7%,Y
2024-2025,43,69666,6060115,Santa Clara,San Jose Unified,John Muir Middle,Unified School District,Intermediate/Middle Schools (Public),Traditional,No ,N/A,N/A,N,6,8,722,336,46.5%,391,54.2%,722,336,46.5%,391,54.2%,Y
2024-2025,43,69666,6062103,Santa Clara,San Jose Unified,Muwekma Ohlone Middle,Unified School District,Intermediate/Middle Schools (Public),Traditional,No ,N/A,N/A,N,6,8,587,352,60.0%,403,68.7%,587,352,60.0%,403,68.7%,Y
2024-2025,43,69666,6062111,Santa Clara,San Jose Unified,Herbert Hoover Middle,Unified School District,Intermediate/Middle Schools (Public),Traditional,No ,N/A,N/A,N,6,8,910,477,52.4%,573,63.0%,910,477,52.4%,573,63.0%,Y
2024-2025,43,69666,6093074,Santa Clara,San Jose Unified,Los Alamitos Elementary,Unified School District,Elementary Schools (Public),Traditional,No ,N/A,N/A,N,K,5,602,59,9.8%,73,12.1%,566,57,10.1%,71,12.5%,Y
2024-2025,43,69666,6093082,Santa Clara,San Jose Unified,Graystone Elementary,Unified School District,Elementary Schools (Public),Traditional,No ,N/A,N/A,N,K,5,466,34,7.3%,41,8.8%,451,34,7.5%,41,9.1%,Y
2024-2025,43,69666,6093090,Santa Clara,San Jose Unified,Rachel Carson Elementary,Unified School District,Elementary Schools (Public),Traditional,No ,N/A,N/A,N,K,5,199,75,37.7%,94,47.2%,176,66,37.5%,83,47.2%,Y
2024-2025,43,69666,6095418,Santa Clara,San Jose Unified,Castillero Middle,Unified School District,Intermediate/Middle Schools (Public),Traditional,No ,N/A,N/A,N,6,8,865,233,26.9%,277,32.0%,865,233,26.9%,277,32.0%,Y
2024-2025,43,69666,6119010,Santa Clara,San Jose Unified,Ernesto Galarza Elementary,Unified School District,Elementary Schools (Public),Traditional,No ,N/A,N/A,N,K,5,322,214,66.5%,249,77.3%,288,198,68.8%,232,80.6%,Y
2024-2025,43,69674,0000001,Santa Clara,Santa Clara Unified,"Nonpublic, Nonsectarian Schools",Unified School District,N/A,N/A,N/A,N/A,N/A,N/A,N/A,N/A,35,11,31.4%,11,31.4%,30,11,36.7%,11,36.7%,Y
2024-2025,43,69674,0110700,Santa Clara,Santa Clara Unified,Don Callejon,Unified School District,Elementary Schools (Public),Traditional,No ,N/A,N/A,N,K,8,568,115,20.2%,121,21.3%,550,113,20.5%,119,21.6%,Y
2024-2025,43,69674,0125443,Santa Clara,Santa Clara Unified,Santa Clara Community Day,Unified School District,District Community Day Schools,Community Day School,No ,N/A,N/A,N,6,12,10,8,80.0%,8,80.0%,10,8,80.0%,8,80.0%,Y
2024-2025,43,69674,0133363,Santa Clara,Santa Clara Unified,Central Park Elementary,Unified School District,Elementary Schools (Public),Traditional,No ,N/A,N/A,N,K,5,419,76,18.1%,83,19.8%,385,68,17.7%,75,19.5%,Y
2024-2025,43,69674,0135970,Santa Clara,Santa Clara Unified,Mission Early College High,Unified School District,Alternative Schools of Choice,Alternative School of Choice,No ,N/A,N/A,N,9,12,183,54,29.5%,57,31.1%,181,54,29.8%,57,31.5%,Y
2024-2025,43,69674,0140475,Santa Clara,Santa Clara Unified,Abram Agnew Elementary,Unified School District,Elementary Schools (Public),Traditional,No ,N/A,N/A,N,K,5,505,107,21.2%,126,25.0%,465,102,21.9%,120,25.8%,Y
2024-2025,43,69674,0140483,Santa Clara,Santa Clara Unified,Dolores Huerta Middle,Unified School District,Intermediate/Middle Schools (Public),Traditional,No ,N/A,N/A,N,6,8,571,192,33.6%,211,37.0%,571,192,33.6%,211,37.0%,Y
2024-2025,43,69674,0141283,Santa Clara,Santa Clara Unified,Kathleen MacDonald High,Unified School District,High Schools (Public),Traditional,No ,N/A,N/A,N,9,12,683,206,30.2%,217,31.8%,680,204,30.0%,215,31.6%,Y
2024-2025,43,69674,4330122,Santa Clara,Santa Clara Unified,Santa Clara High,Unified School District,High Schools (Public),Traditional,No ,N/A,N/A,N,9,12,1663,375,22.5%,393,23.6%,1625,363,22.3%,380,23.4%,Y
2024-2025,43,69674,4330247,Santa Clara,Santa Clara Unified,Wilson Alternative,Unified School District,Alternative Schools of Choice,Alternative School of Choice,No ,N/A,N/A,N,K,12,131,53,40.5%,55,42.0%,75,36,48.0%,37,49.3%,Y
2024-2025,43,69674,4338406,Santa Clara,Santa Clara Unified,New Valley Continuation High,Unified School District,Continuation High Schools,Continuation School,No ,N/A,N/A,N,9,12,151,64,42.4%,67,44.4%,137,59,43.1%,62,45.3%,Y
2024-2025,43,69674,4338802,Santa Clara,Santa Clara Unified,Adrian Wilcox High,Unified School District,High Schools (Public),Traditional,No ,N/A,N/A,N,9,12,1614,405,25.1%,420,26.0%,1582,397,25.1%,411,26.0%,Y
2024-2025,43,69674,6048797,Santa Clara,Santa Clara Unified,Bowers Elementary,Unified School District,Elementary Schools (Public),Traditional,No ,N/A,N/A,N,K,5,240,133,55.4%,143,59.6%,221,124,56.1%,134,60.6%,Y
2024-2025,43,69674,6048805,Santa Clara,Santa Clara Unified,Bracher Elementary,Unified School District,Elementary Schools (Public),Traditional,No ,N/A,N/A,N,K,5,269,79,29.4%,90,33.5%,253,75,29.6%,86,34.0%,Y
2024-2025,43,69674,6048813,Santa Clara,Santa Clara Unified,Braly Elementary,Unified School District,Elementary Schools (Public),Traditional,No ,N/A,N/A,N,K,5,381,113,29.7%,120,31.5%,361,110,30.5%,117,32.4%,Y
2024-2025,43,69674,6048821,Santa Clara,Santa Clara Unified,Briarwood Elementary,Unified School District,Elementary Schools (Public),Traditional,No ,N/A,N/A,N,K,5,288,102,35.4%,115,39.9%,268,98,36.6%,110,41.0%,Y
2024-2025,43,69674,6048847,Santa Clara,Santa Clara Unified,C. W. Haman Elementary,Unified School District,Elementary Schools (Public),Traditional,No ,N/A,N/A,N,K,5,324,90,27.8%,92,28.4%,306,87,28.4%,89,29.1%,Y
2024-2025,43,69674,6048854,Santa Clara,Santa Clara Unified,Juan Cabrillo Middle,Unified School District,Intermediate/Middle Schools (Public),Traditional,No ,N/A,N/A,N,6,8,796,198,24.9%,208,26.1%,796,198,24.9%,208,26.1%,Y
2024-2025,43,69674,6048870,Santa Clara,Santa Clara Unified,George Mayne Elementary,Unified School District,Elementary Schools (Public),Traditional,No ,N/A,N/A,N,K,5,271,112,41.3%,130,48.0%,261,110,42.1%,127,48.7%,Y
2024-2025,43,69674,6048896,Santa Clara,Santa Clara Unified,Kathryn Hughes Elementary,Unified School District,Elementary Schools (Public),Traditional,No ,N/A,N/A,N,K,5,281,105,37.4%,116,41.3%,264,98,37.1%,109,41.3%,Y
2024-2025,43,69674,6048904,Santa Clara,Santa Clara Unified,Laurelwood Elementary,Unified School District,Elementary Schools (Public),Traditional,No ,N/A,N/A,N,K,5,571,61,10.7%,64,11.2%,534,60,11.2%,63,11.8%,Y
2024-2025,43,69674,6048920,Santa Clara,Santa Clara Unified,Millikin Elementary,Unified School District,Elementary Schools (Public),Traditional,No ,N/A,N/A,N,K,5,504,21,4.2%,21,4.2%,504,21,4.2%,21,4.2%,Y
2024-2025,43,69674,6048938,Santa Clara,Santa Clara Unified,Montague Elementary,Unified School District,Elementary Schools (Public),Traditional,No ,N/A,N/A,N,K,5,254,88,34.6%,99,39.0%,223,82,36.8%,91,40.8%,Y
2024-2025,43,69674,6048987,Santa Clara,Santa Clara Unified,Pomeroy Elementary,Unified School District,Elementary Schools (Public),Traditional,No ,N/A,N/A,N,K,5,300,120,40.0%,130,43.3%,280,112,40.0%,122,43.6%,Y
2024-2025,43,69674,6048995,Santa Clara,Santa Clara Unified,Ponderosa Elementary,Unified School District,Elementary Schools (Public),Traditional,No ,N/A,N/A,N,K,5,524,141,26.9%,149,28.4%,486,134,27.6%,141,29.0%,Y
2024-2025,43,69674,6049019,Santa Clara,Santa Clara Unified,Scott Lane Elementary,Unified School District,Elementary Schools (Public),Traditional,No ,N/A,N/A,N,K,5,406,208,51.2%,224,55.2%,390,200,51.3%,216,55.4%,Y
2024-2025,43,69674,6049027,Santa Clara,Santa Clara Unified,Sutter Elementary,Unified School District,Elementary Schools (Public),Traditional,No ,N/A,N/A,N,K,5,314,44,14.0%,46,14.6%,283,39,13.8%,41,14.5%,Y
2024-2025,43,69674,6049035,Santa Clara,Santa Clara Unified,Washington Open Elementary,Unified School District,Elementary Schools (Public),Traditional,No ,N/A,N/A,N,K,5,352,27,7.7%,29,8.2%,352,27,7.7%,29,8.2%,Y
2024-2025,43,69674,6049043,Santa Clara,Santa Clara Unified,Westwood Elementary,Unified School District,Elementary Schools (Public),Traditional,No ,N/A,N/A,N,K,5,368,125,34.0%,138,37.5%,350,123,35.1%,136,38.9%,Y
2024-2025,43,69674,6101752,Santa Clara,Santa Clara Unified,Buchser Middle,Unified School District,Intermediate/Middle Schools (Public),Traditional,No ,N/A,N/A,N,6,8,711,210,29.5%,229,32.2%,711,210,29.5%,229,32.2%,Y
2024-2025,43,69674,6101760,Santa Clara,Santa Clara Unified,Marian A. Peterson Middle,Unified School District,Intermediate/Middle Schools (Public),Traditional,No ,N/A,N/A,N,6,8,759,159,20.9%,167,22.0%,759,159,20.9%,167,22.0%,Y
2024-2025,43,69682,0000001,Santa Clara,Saratoga Union Elementary,"Nonpublic, Nonsectarian Schools",Elementary School District,N/A,N/A,N/A,N/A,N/A,N/A,N/A,N/A,2,1,50.0%,1,50.0%,2,1,50.0%,1,50.0%,Y
2024-2025,43,69682,6049068,Santa Clara,Saratoga Union Elementary,Argonaut Elementary,Elementary School District,Elementary Schools (Public),Traditional,No ,N/A,N/A,N,K,5,367,9,2.5%,9,2.5%,350,9,2.6%,9,2.6%,Y
2024-2025,43,69682,6049084,Santa Clara,Saratoga Union Elementary,Foothill Elementary,Elementary School District,Elementary Schools (Public),Traditional,No ,N/A,N/A,N,K,5,278,25,9.0%,25,9.0%,257,23,8.9%,23,8.9%,Y
2024-2025,43,69682,6049092,Santa Clara,Saratoga Union Elementary,Redwood Middle,Elementary School District,Intermediate/Middle Schools (Public),Traditional,No ,N/A,N/A,N,6,8,709,18,2.5%,18,2.5%,709,18,2.5%,18,2.5%,Y
2024-2025,43,69682,6049100,Santa Clara,Saratoga Union Elementary,Saratoga Elementary,Elementary School District,Elementary Schools (Public),Traditional,No ,N/A,N/A,N,K,5,297,9,3.0%,9,3.0%,282,9,3.2%,9,3.2%,Y
2024-2025,43,69690,0000001,Santa Clara,Sunnyvale,"Nonpublic, Nonsectarian Schools",Elementary School District,N/A,N/A,N/A,N/A,N/A,N/A,N/A,N/A,11,4,36.4%,4,36.4%,11,4,36.4%,4,36.4%,Y
2024-2025,43,69690,6049142,Santa Clara,Sunnyvale,Bishop Elementary,Elementary School District,Elementary Schools (Public),Traditional,No ,N/A,N/A,N,K,5,465,198,42.6%,199,42.8%,423,184,43.5%,185,43.7%,Y
2024-2025,43,69690,6049159,Santa Clara,Sunnyvale,Vargas Elementary,Elementary School District,Elementary Schools (Public),Traditional,No ,N/A,N/A,N,K,5,435,126,29.0%,127,29.2%,398,115,28.9%,116,29.1%,Y
2024-2025,43,69690,6049167,Santa Clara,Sunnyvale,Cherry Chase Elementary,Elementary School District,Elementary Schools (Public),Traditional,No ,N/A,N/A,N,K,5,622,45,7.2%,45,7.2%,582,43,7.4%,43,7.4%,Y
2024-2025,43,69690,6049175,Santa Clara,Sunnyvale,Cumberland Elementary,Elementary School District,Elementary Schools (Public),Traditional,No ,N/A,N/A,N,K,5,586,57,9.7%,57,9.7%,549,52,9.5%,52,9.5%,Y
2024-2025,43,69690,6049191,Santa Clara,Sunnyvale,Ellis Elementary,Elementary School District,Elementary Schools (Public),Traditional,No ,N/A,N/A,N,K,5,768,186,24.2%,189,24.6%,707,170,24.0%,173,24.5%,Y
2024-2025,43,69690,6049217,Santa Clara,Sunnyvale,Fairwood Elementary,Elementary School District,Elementary Schools (Public),Traditional,No ,N/A,N/A,N,K,5,324,74,22.8%,75,23.1%,313,71,22.7%,72,23.0%,Y
2024-2025,43,69690,6049233,Santa Clara,Sunnyvale,Lakewood Elementary,Elementary School District,Elementary Schools (Public),Traditional,No ,N/A,N/A,N,P,5,372,124,33.3%,125,33.6%,342,113,33.0%,114,33.3%,Y
2024-2025,43,69690,6049241,Santa Clara,Sunnyvale,Columbia Middle,Elementary School District,Intermediate/Middle Schools (Public),Traditional,No ,N/A,N/A,N,6,8,697,209,30.0%,211,30.3%,697,209,30.0%,211,30.3%,Y
2024-2025,43,69690,6049258,Santa Clara,Sunnyvale,Sunnyvale Middle,Elementary School District,Intermediate/Middle Schools (Public),Traditional,No ,N/A,N/A,N,6,8,1053,177,16.8%,177,16.8%,1053,177,16.8%,177,16.8%,Y
2024-2025,43,69690,6049282,Santa Clara,Sunnyvale,San Miguel Elementary,Elementary School District,Elementary Schools (Public),Traditional,No ,N/A,N/A,N,P,5,431,134,31.1%,134,31.1%,400,128,32.0%,128,32.0%,Y
2024-2025,43,69708,0000001,Santa Clara,Union Elementary,"Nonpublic, Nonsectarian Schools",Elementary School District,N/A,N/A,N/A,N/A,N/A,N/A,N/A,N/A,3,0,0.0%,0,0.0%,3,0,0.0%,0,0.0%,Y
2024-2025,43,69708,6049290,Santa Clara,Union Elementary,Alta Vista Elementary,Elementary School District,Elementary Schools (Public),Traditional,No ,N/A,N/A,N,K,5,584,34,5.8%,40,6.8%,543,31,5.7%,37,6.8%,Y
2024-2025,43,69708,6049316,Santa Clara,Union Elementary,Carlton Elementary,Elementary School District,Elementary Schools (Public),Traditional,No ,N/A,N/A,N,K,5,656,32,4.9%,35,5.3%,626,31,5.0%,34,5.4%,Y
2024-2025,43,69708,6049332,Santa Clara,Union Elementary,Dartmouth Middle,Elementary School District,Intermediate/Middle Schools (Public),Traditional,No ,N/A,N/A,N,6,8,903,145,16.1%,157,17.4%,903,145,16.1%,157,17.4%,Y
2024-2025,43,69708,6049357,Santa Clara,Union Elementary,Guadalupe Elementary,Elementary School District,Elementary Schools (Public),Traditional,No ,N/A,N/A,N,K,5,537,43,8.0%,44,8.2%,505,43,8.5%,44,8.7%,Y
2024-2025,43,69708,6049373,Santa Clara,Union Elementary,Lietz Elementary,Elementary School District,Elementary Schools (Public),Traditional,No ,N/A,N/A,N,K,5,501,111,22.2%,116,23.2%,466,103,22.1%,108,23.2%,Y
2024-2025,43,69708,6049407,Santa Clara,Union Elementary,Noddin Elementary,Elementary School District,Elementary Schools (Public),Traditional,No ,N/A,N/A,N,P,5,500,68,13.6%,76,15.2%,466,61,13.1%,67,14.4%,Y
2024-2025,43,69708,6049415,Santa Clara,Union Elementary,Oster Elementary,Elementary School District,Elementary Schools (Public),Traditional,No ,N/A,N/A,N,K,5,627,76,12.1%,80,12.8%,585,71,12.1%,75,12.8%,Y
2024-2025,43,69708,6049449,Santa Clara,Union Elementary,Union Middle,Elementary School District,Intermediate/Middle Schools (Public),Traditional,No ,N/A,N/A,N,6,8,1068,75,7.0%,83,7.8%,1068,75,7.0%,83,7.8%,Y
2024-2025,43,73387,0000001,Santa Clara,Milpitas Unified,"Nonpublic, Nonsectarian Schools",Unified School District,N/A,N/A,N/A,N/A,N/A,N/A,N/A,N/A,10,3,30.0%,3,30.0%,9,3,33.3%,3,33.3%,Y
2024-2025,43,73387,0137505,Santa Clara,Milpitas Unified,Mabel Mattos Elementary,Unified School District,Elementary Schools (Public),Traditional,No ,N/A,N/A,N,K,6,746,96,12.9%,113,15.1%,700,93,13.3%,110,15.7%,Y
2024-2025,43,73387,0140673,Santa Clara,Milpitas Unified,Milpitas Middle College High,Unified School District,High Schools (Public),Traditional,No ,N/A,N/A,N,9,12,55,20,36.4%,23,41.8%,54,19,35.2%,22,40.7%,Y
2024-2025,43,73387,4331039,Santa Clara,Milpitas Unified,Calaveras Hills,Unified School District,Continuation High Schools,Continuation School,No ,N/A,N/A,N,9,12,105,67,63.8%,78,74.3%,99,63,63.6%,74,74.7%,Y
2024-2025,43,73387,4334470,Santa Clara,Milpitas Unified,Milpitas High,Unified School District,High Schools (Public),Traditional,No ,N/A,N/A,N,9,12,2926,885,30.2%,1286,44.0%,2886,874,30.3%,1268,43.9%,Y
2024-2025,43,73387,6047583,Santa Clara,Milpitas Unified,Alexander Rose Elementary,Unified School District,Elementary Schools (Public),Traditional,No ,N/A,N/A,N,K,6,518,235,45.4%,291,56.2%,476,219,46.0%,273,57.4%,Y
2024-2025,43,73387,6047591,Santa Clara,Milpitas Unified,Anthony Spangler Elementary,Unified School District,Elementary Schools (Public),Traditional,No ,N/A,N/A,N,K,6,610,163,26.7%,215,35.2%,561,157,28.0%,209,37.3%,Y
2024-2025,43,73387,6047609,Santa Clara,Milpitas Unified,Curtner Elementary,Unified School District,Elementary Schools (Public),Traditional,No ,N/A,N/A,N,K,6,663,98,14.8%,156,23.5%,642,98,15.3%,154,24.0%,Y
2024-2025,43,73387,6047625,Santa Clara,Milpitas Unified,John Sinnott Elementary,Unified School District,Elementary Schools (Public),Traditional,No ,N/A,N/A,N,K,6,686,121,17.6%,155,22.6%,665,118,17.7%,152,22.9%,Y
2024-2025,43,73387,6047633,Santa Clara,Milpitas Unified,Joseph Weller Elementary,Unified School District,Elementary Schools (Public),Traditional,No ,N/A,N/A,N,K,6,412,131,31.8%,180,43.7%,384,121,31.5%,169,44.0%,Y
2024-2025,43,73387,6047641,Santa Clara,Milpitas Unified,Marshall Pomeroy Elementary,Unified School District,Elementary Schools (Public),Traditional,No ,N/A,N/A,N,K,6,597,131,21.9%,165,27.6%,557,121,21.7%,153,27.5%,Y
2024-2025,43,73387,6047666,Santa Clara,Milpitas Unified,Rancho Milpitas Middle,Unified School District,Intermediate/Middle Schools (Public),Traditional,No ,N/A,N/A,N,7,8,693,204,29.4%,303,43.7%,693,204,29.4%,303,43.7%,Y
2024-2025,43,73387,6047674,Santa Clara,Milpitas Unified,Robert Randall World Languages,Unified School District,Elementary Schools (Public),Traditional,No ,N/A,N/A,N,K,8,285,146,51.2%,169,59.3%,265,139,52.5%,160,60.4%,Y
2024-2025,43,73387,6047682,Santa Clara,Milpitas Unified,Thomas Russell Middle,Unified School District,Intermediate/Middle Schools (Public),Traditional,No ,N/A,N/A,N,7,8,761,180,23.7%,295,38.8%,761,180,23.7%,295,38.8%,Y
2024-2025,43,73387,6047690,Santa Clara,Milpitas Unified,William Burnett Elementary,Unified School District,Elementary Schools (Public),Traditional,No ,N/A,N/A,N,K,6,456,157,34.4%,210,46.1%,434,152,35.0%,203,46.8%,Y
2024-2025,43,73387,6067219,Santa Clara,Milpitas Unified,Pearl Zanker Elementary,Unified School District,Elementary Schools (Public),Traditional,No ,N/A,N/A,N,K,6,563,132,23.4%,202,35.9%,522,126,24.1%,195,37.4%,Y
2024-2025,43,77149,0137315,Santa Clara,SBE - KIPP Navigate College Prep,KIPP Navigate College Prep,State Board of Education,High Schools In 1 School Dist. (Public),Traditional,Yes,1955,Directly funded,N,9,12,297,179,60.3%,227,76.4%,289,172,59.5%,219,75.8%,Y