CDSCode,SchoolID,NCESDist,NCESSchool,StatusType,County,District,School,Street,StreetAbr,City,Zip,State,MailStreet,MailStrAbr,MailCity,MailZip,MailState,Phone,Ext,FaxNumber,WebSite,OpenDate,ClosedDate,Charter,CharterNum,FundingType,DOC,DOCType,SOC,SOCType,EdOpsCode,EdOpsName,EILCode,EILName,GSoffered,GSserved,Virtual,Magnet,YearRoundYN,FederalDFCDistrictID,Latitude,Longitude,AdmFName,AdmLName,LastUpDate,Multilingual
43693696046122,6046122,602310,8782,Active,Santa Clara,Alum Rock Union Elementary,Ben Painter Elementary,500 Rough and Ready Road,500 Rough and Ready Rd.,San Jose,95133-2068,CA,500 Rough and Ready Road,500 Rough and Ready Rd.,San Jose,95133-2068,CA,(408) 928-8400,No Data,(408) 928-8401,No Data,07/01/1980,No Data,N,No Data,No Data,52,Elementary School District,60,Elementary Schools (Public),TRAD,Traditional,ELEM,Elementary,P-5,K-5,N,N,Y,No Data,37.37495,-121.84331,Joseph,Manluco,05/23/2025,Y
43693696046213,6046213,602310,108,Active,Santa Clara,Alum Rock Union Elementary,Linda Vista Elementary,100 Kirk Avenue,100 Kirk Ave.,San Jose,95127-2295,CA,100 Kirk Avenue,100 Kirk Ave.,San Jose,95127-2295,CA,(408) 928-7800,No Data,(408) 928-7801,No Data,07/01/1980,No Data,N,No Data,No Data,52,Elementary School District,60,Elementary Schools (Public),TRAD,Traditional,ELEM,Elementary,K-5,K-5,N,N,N,No Data,37.376934,-121.82372,Suzanne,Cicala,08/09/2023,N
43693696046221,6046221,602310,109,Active,Santa Clara,Alum Rock Union Elementary,Lyndale Elementary,13901 Nordyke Drive,13901 Nordyke Dr.,San Jose,95127-3138,CA,13901 Nordyke Drive,13901 Nordyke Dr.,San Jose,95127-3138,CA,(408) 928-7900,No Data,(408) 928-7901,https://lyndale.arusd.org/,07/01/1980,No Data,N,No Data,No Data,52,Elementary School District,60,Elementary Schools (Public),TRAD,Traditional,ELEM,Elementary,K-5,K-5,N,N,N,No Data,37.359746,-121.82492,Jacqueline,Montejano,06/18/2025,N
43693696046247,6046247,602310,106,Active,Santa Clara,Alum Rock Union Elementary,Aptitud Community Academy at Goss,2475 Van Winkle Lane,2475 Van Winkle Ln.,San Jose,95116-3758,CA,2475 Van Winkle Lane,2475 Van Winkle Ln.,San Jose,95116-3758,CA,(408) 928-7656,No Data,(408) 928-7651,https://aptitud.arusd.org/,07/01/1980,No Data,N,No Data,No Data,52,Elementary School District,60,Elementary Schools (Public),TRAD,Traditional,ELEM,Elementary,K-5,K-8,N,N,N,No Data,37.34995,-121.8314,Suyen,Jimenez,06/16/2025,N
43693696046254,6046254,602310,112,Active,Santa Clara,Alum Rock Union Elementary,Millard McCollam Elementary,3311 Lucian Avenue,3311 Lucian Ave.,San Jose,95127-1544,CA,3311 Lucian Avenue,3311 Lucian Ave.,San Jose,95127-1544,CA,(408) 928-8000,No Data,(408) 928-8001,No Data,07/01/1980,No Data,N,No Data,No Data,52,Elementary School District,60,Elementary Schools (Public),TRAD,Traditional,ELEM,Elementary,K-5,K-5,N,N,N,No Data,37.380472,-121.83312,Linda,Diaz Sepulveda,08/19/2025,N
43693696046270,6046270,602310,107,Active,Santa Clara,Alum Rock Union Elementary,O. S. Hubbard Elementary,1680 Foley Avenue,1680 Foley Ave.,San Jose,95122-2213,CA,1680 Foley Avenue,1680 Foley Ave.,San Jose,95122-2213,CA,(408) 928-7700,No Data,(408) 928-7701,https://hubbard.arusd.org/,07/01/1980,No Data,N,No Data,No Data,52,Elementary School District,60,Elementary Schools (Public),TRAD,Traditional,ELEM,Elementary,K-5,K-8,N,N,N,No Data,37.330237,-121.83946,Sandra,Sarmiento,06/16/2025,N
43693696046304,6046304,602310,121,Active,Santa Clara,Alum Rock Union Elementary,San Antonio Elementary,1721 East San Antonio Street,1721 East San Antonio St.,San Jose,95116-3060,CA,1721 East San Antonio Street,1721 East San Antonio St.,San Jose,95116-3060,CA,(408) 928-8700,No Data,(408) 928-8701,https://sanantonio.arusd.org/,07/01/1980,No Data,N,No Data,No Data,52,Elementary School District,60,Elementary Schools (Public),TRAD,Traditional,ELEM,Elementary,K-5,K-5,N,N,N,No Data,37.350025,-121.85234,Iris,Charest,06/16/2025,N
43693696046320,6046320,602310,120,Active,Santa Clara,Alum Rock Union Elementary,Thomas P. Ryan Elementary,1241 McGinness Avenue,1241 McGinness Ave.,San Jose,95127-4026,CA,1241 McGinness Avenue,1241 McGinness Ave.,San Jose,95127-4026,CA,(408) 928-8650,No Data,(408) 928-8651,No Data,07/01/1980,No Data,N,No Data,No Data,52,Elementary School District,60,Elementary Schools (Public),TRAD,Traditional,ELEM,Elementary,K-5,K-5,N,N,N,No Data,37.350062,-121.82257,Clarissa,Johnston-Abril,08/09/2023,N
43693696046338,6046338,602310,122,Active,Santa Clara,Alum Rock Union Elementary,William Sheppard Middle,480 Rough and Ready Road,480 Rough and Ready Rd.,San Jose,95133-2422,CA,480 Rough and Ready Road,480 Rough and Ready Rd.,San Jose,95133-2422,CA,(408) 928-8800,No Data,(408) 928-8801,No Data,07/01/1980,No Data,N,No Data,No Data,52,Elementary School District,62,Intermediate/Middle Schools (Public),TRAD,Traditional,INTMIDJR,Intermediate/Middle/Junior High,6-8,6-8,N,N,N,No Data,37.37451,-121.843,Doug,Kleinhenz,06/16/2025,N
43693696089270,6089270,602310,116,Active,Santa Clara,Alum Rock Union Elementary,Ocala Middle,2800 Ocala Avenue,2800 Ocala Ave.,San Jose,95148-1114,CA,2800 Ocala Avenue,2800 Ocala Ave.,San Jose,95148-1114,CA,(408) 928-8350,No Data,(408) 928-8351,https://ocala.arusd.org/,07/01/1980,No Data,N,No Data,No Data,52,Elementary School District,62,Intermediate/Middle Schools (Public),TRAD,Traditional,INTMIDJR,Intermediate/Middle/Junior High,6-8,6-8,N,N,N,No Data,37.340385,-121.82046,Kelsey,White,06/18/2025,N
43693776046379,6046379,604800,462,Active,Santa Clara,Berryessa Union Elementary,Noble Elementary,3466 Grossmont Drive,3466 Grossmont Dr.,San Jose,95132-3119,CA,3466 Grossmont Drive,3466 Grossmont Dr.,San Jose,95132-3119,CA,(408) 923-1935,No Data,(408) 937-5006,No Data,07/01/1980,No Data,N,No Data,No Data,52,Elementary School District,60,Elementary Schools (Public),TRAD,Traditional,ELEM,Elementary,K-5,K-5,N,N,N,No Data,37.396302,-121.8391,Krista,Castillou,08/18/2025,N
43693776046387,6046387,604800,463,Active,Santa Clara,Berryessa Union Elementary,Northwood Elementary,2760 East Trimble Road,2760 East Trimble Rd.,San Jose,95132-1055,CA,2760 East Trimble Road,2760 East Trimble Rd.,San Jose,95132-1055,CA,(408) 923-1940,No Data,(408) 942-9032,No Data,07/01/1965,No Data,N,No Data,No Data,52,Elementary School District,60,Elementary Schools (Public),TRAD,Traditional,ELEM,Elementary,K-5,K-5,N,N,N,No Data,37.40946,-121.88134,Eric,Witter,08/18/2025,N
43693776046395,6046395,604800,464,Active,Santa Clara,Berryessa Union Elementary,Piedmont Middle,955 Piedmont Road,955 Piedmont Rd.,San Jose,95132-2820,CA,955 Piedmont Road,955 Piedmont Rd.,San Jose,95132-2820,CA,(408) 923-1945,No Data,(408) 251-2392,No Data,07/01/1959,No Data,N,No Data,No Data,52,Elementary School District,62,Intermediate/Middle Schools (Public),TRAD,Traditional,INTMIDJR,Intermediate/Middle/Junior High,6-8,6-8,N,N,N,No Data,37.390727,-121.84264,Gregory,Barnes,08/02/2024,N
43693776067177,6067177,604800,465,Active,Santa Clara,Berryessa Union Elementary,Ruskin Elementary,1401 Turlock Lane,1401 Turlock Ln.,San Jose,95132-2347,CA,1401 Turlock Lane,1401 Turlock Ln.,San Jose,95132-2347,CA,(408) 923-1950,No Data,(408) 937-4846,No Data,07/01/1969,No Data,N,No Data,No Data,52,Elementary School District,60,Elementary Schools (Public),TRAD,Traditional,ELEM,Elementary,K-5,K-5,N,N,N,No Data,37.400282,-121.85589,Tina,Tong Choy,08/18/2025,N
43693776068928,6068928,604800,461,Active,Santa Clara,Berryessa Union Elementary,Morrill Middle,1970 Morrill Avenue,1970 Morrill Ave.,San Jose,95132-1637,CA,1970 Morrill Avenue,1970 Morrill Ave.,San Jose,95132-1637,CA,(408) 923-1930,No Data,(408) 946-0776,No Data,07/01/1971,No Data,N,No Data,No Data,52,Elementary School District,62,Intermediate/Middle Schools (Public),TRAD,Traditional,INTMIDJR,Intermediate/Middle/Junior High,6-8,6-8,N,N,N,No Data,37.410219,-121.87111,Mya,Duong,08/18/2025,N
43693776093033,6093033,604800,466,Active,Santa Clara,Berryessa Union Elementary,Sierramont Middle,3155 Kimlee Drive,3155 Kimlee Dr.,San Jose,95132-3605,CA,3155 Kimlee Drive,3155 Kimlee Dr.,San Jose,95132-3605,CA,(408) 923-1955,No Data,(408) 729-5840,No Data,07/01/1975,No Data,N,No Data,No Data,52,Elementary School District,62,Intermediate/Middle Schools (Public),TRAD,Traditional,INTMIDJR,Intermediate/Middle/Junior High,6-8,6-8,N,N,N,No Data,37.403132,-121.85593,Chris,Mosley,08/08/2024,Y
43693776093041,6093041,604800,469,Active,Santa Clara,Berryessa Union Elementary,Vinci Park Elementary,1311 Vinci Park Way,1311 Vinci Park Way,San Jose,95131-2792,CA,1311 Vinci Park Way,1311 Vinci Park Way,San Jose,95131-2792,CA,(408) 923-1970,No Data,(408) 254-3790,No Data,07/01/1975,No Data,N,No Data,No Data,52,Elementary School District,60,Elementary Schools (Public),TRAD,Traditional,ELEM,Elementary,K-5,K-5,N,N,N,No Data,37.380943,-121.87333,Parisa,Nunez,02/09/2023,N
43693776095335,6095335,604800,457,Active,Santa Clara,Berryessa Union Elementary,Brooktree Elementary,1781 Olivetree Drive,1781 Olivetree Dr.,San Jose,95131-1933,CA,1781 Olivetree Drive,1781 Olivetree Dr.,San Jose,95131-1933,CA,(408) 923-1910,No Data,(408) 923-1635,No Data,07/01/1975,No Data,N,No Data,No Data,52,Elementary School District,60,Elementary Schools (Public),TRAD,Traditional,ELEM,Elementary,K-5,K-5,N,N,N,No Data,37.398513,-121.88005,Lakeisha,Blackshire,08/18/2025,N
43693776095343,6095343,604800,460,Active,Santa Clara,Berryessa Union Elementary,Majestic Way Elementary,1855 Majestic Way,1855 Majestic Way,San Jose,95132-1940,CA,1855 Majestic Way,1855 Majestic Way,San Jose,95132-1940,CA,(408) 923-1925,No Data,(408) 254-1315,No Data,07/01/1975,No Data,N,No Data,No Data,52,Elementary School District,60,Elementary Schools (Public),TRAD,Traditional,ELEM,Elementary,K-5,K-5,N,N,N,No Data,37.410648,-121.85723,Jannet,Odom,08/02/2024,N
43693776095350,6095350,604800,467,Active,Santa Clara,Berryessa Union Elementary,Summerdale Elementary,1100 Summerdale Drive,1100 Summerdale Dr.,San Jose,95132-2934,CA,1100 Summerdale Drive,1100 Summerdale Dr.,San Jose,95132-2934,CA,(408) 923-1960,No Data,(408) 937-4923,No Data,07/01/1975,No Data,N,No Data,No Data,52,Elementary School District,60,Elementary Schools (Public),TRAD,Traditional,ELEM,Elementary,K-5,K-5,N,N,N,No Data,37.389589,-121.85196,Samantha,Rainer,02/09/2023,N
43693850133439,0133439,607140,13993,Active,Santa Clara,Cambrian,Steindorf STEAM K-8 Magnet,3001 Ross Avenue,3001 Ross Ave.,San Jose,95124-2358,CA,3001 Ross Avenue,3001 Ross Ave.,San Jose,95124-2358,CA,(408) 377-3022,No Data,(408) 377-3093,www.cambriansd.org,08/15/2016,No Data,N,No Data,No Data,52,Elementary School District,60,Elementary Schools (Public),TRAD,Traditional,ELEM,Elementary,K-8,K-8,N,Y,N,No Data,37.266653,-121.92053,Trisha,Lee,08/20/2024,N
43693856046411,6046411,607140,650,Active,Santa Clara,Cambrian,Bagby Elementary,1840 Harris Avenue,1840 Harris Ave.,San Jose,95124-1125,CA,1840 Harris Avenue,1840 Harris Ave.,San Jose,95124-1125,CA,(408) 377-3882,No Data,(408) 377-8648,www.cambriansd.org,07/01/1980,No Data,N,No Data,No Data,52,Elementary School District,60,Elementary Schools (Public),TRAD,Traditional,ELEM,Elementary,K-5,K-5,N,N,N,No Data,37.278715,-121.92193,Michael,Kretsch,02/09/2023,N
43694014330239,4330239,607230,8122,Active,Santa Clara,Campbell Union High,Leigh High,5210 Leigh Avenue,5210 Leigh Ave.,San Jose,95124-5616,CA,5210 Leigh Avenue,5210 Leigh Ave.,San Jose,95124-5616,CA,(408) 626-3405,No Data,(408) 265-7525,https://leigh.cuhsd.org/,07/01/1980,No Data,N,No Data,No Data,56,High School District,66,High Schools (Public),TRAD,Traditional,HS,High School,9-12,9-12,N,N,N,No Data,37.24331,-121.92258,Michelle,Steingart,07/10/2025,N
43694014330866,4330866,607230,8350,Active,Santa Clara,Campbell Union High,Branham High,1570 Branham Lane,1570 Branham Ln.,San Jose,95118-2201,CA,1570 Branham Lane,1570 Branham Ln.,San Jose,95118-2201,CA,(408) 626-3407,No Data,(408) 267-2676,www.branham.cuhsd.org,08/16/1999,No Data,N,No Data,No Data,56,High School District,66,High Schools (Public),TRAD,Traditional,HS,High School,9-12,9-12,N,N,N,No Data,37.254576,-121.89957,Beth,Silbergeld,07/01/2024,N
43694014331955,4331955,607230,665,Active,Santa Clara,Campbell Union High,Del Mar High,1224 Del Mar Avenue,1224 Del Mar Ave.,San Jose,95128-3529,CA,1224 Del Mar Avenue,1224 Del Mar Ave.,San Jose,95128-3529,CA,(408) 626-3403,No Data,(408) 295-9476,www.delmar.cuhsd.org,07/01/1980,No Data,N,No Data,No Data,56,High School District,66,High Schools (Public),TRAD,Traditional,HS,High School,9-12,9-12,N,N,N,No Data,37.303262,-121.9303,Diana,Nguyen,07/01/2024,N
43694196046882,6046882,610290,1142,Active,Santa Clara,Cupertino Union,Joaquin Miller Middle,6151 Rainbow Drive,6151 Rainbow Dr.,San Jose,95129-4043,CA,6151 Rainbow Drive,6151 Rainbow Dr.,San Jose,95129-4043,CA,(408) 252-3755,No Data,(408) 255-5269,No Data,07/01/1980,No Data,N,No Data,No Data,52,Elementary School District,62,Intermediate/Middle Schools (Public),TRAD,Traditional,INTMIDJR,Intermediate/Middle/Junior High,6-8,6-8,N,N,N,No Data,37.301254,-122.0121,Anu,Iyer,07/31/2023,Y
43694196046908,6046908,610290,1144,Active,Santa Clara,Cupertino Union,John Muir Elementary,6560 Hanover Drive,6560 Hanover Dr.,San Jose,95129-3832,CA,6560 Hanover Drive,6560 Hanover Dr.,San Jose,95129-3832,CA,(408) 252-5265,No Data,(408) 253-3116,No Data,07/01/1957,No Data,N,No Data,No Data,52,Elementary School District,60,Elementary Schools (Public),TRAD,Traditional,ELEM,Elementary,K-5,K-5,N,N,N,No Data,37.300409,-122.01946,Jonathan,Mach,08/19/2025,Y
43694196046965,6046965,610290,1128,Active,Santa Clara,Cupertino Union,Manuel De Vargas Elementary,5050 Moorpark Avenue,5050 Moorpark Ave.,San Jose,95129-2136,CA,5050 Moorpark Avenue,5050 Moorpark Ave.,San Jose,95129-2136,CA,(408) 252-0303,No Data,(408) 253-4962,No Data,07/01/1980,No Data,N,No Data,No Data,52,Elementary School District,60,Elementary Schools (Public),TRAD,Traditional,ELEM,Elementary,K-5,K-5,N,N,N,No Data,37.310596,-121.99102,Kerstin,Johnson,08/21/2024,N
43694196047005,6047005,610290,1129,Active,Santa Clara,Cupertino Union,Nelson S. Dilworth Elementary,1101 Strayer Drive,1101 Strayer Dr.,San Jose,95129-4065,CA,1101 Strayer Drive,1101 Strayer Dr.,San Jose,95129-4065,CA,(408) 253-2850,No Data,(408) 366-0743,No Data,07/01/1980,No Data,N,No Data,No Data,52,Elementary School District,60,Elementary Schools (Public),TRAD,Traditional,ELEM,Elementary,K-5,K-5,N,N,N,No Data,37.306291,-122.00688,Sarah,Kurdziel,07/31/2023,N
43694196047039,6047039,610290,5406,Active,Santa Clara,Cupertino Union,Murdock-Portal Elementary,1188 Wunderlich Drive,1188 Wunderlich Dr.,San Jose,95129-3163,CA,1188 Wunderlich Drive,1188 Wunderlich Dr.,San Jose,95129-3163,CA,(408) 973-8191,No Data,(408) 973-8259,No Data,09/01/1995,No Data,N,No Data,No Data,52,Elementary School District,60,Elementary Schools (Public),TRAD,Traditional,ELEM,Elementary,K-5,K-5,N,N,N,No Data,37.30381,-121.99952,Alison,Luvara,02/09/2023,N
43694274330015,4330015,611820,1310,Active,Santa Clara,East Side Union High,Yerba Buena High,1855 Lucretia Avenue,1855 Lucretia Ave.,San Jose,95122-3730,CA,1855 Lucretia Avenue,1855 Lucretia Ave.,San Jose,95122-3730,CA,(408) 347-4700,No Data,(408) 347-4715,http://yerbabuena.esuhsd.org/,07/01/1971,No Data,N,No Data,No Data,56,High School District,66,High Schools (Public),TRAD,Traditional,HS,High School,9-12,9-12,C,Y,N,No Data,37.320791,-121.84831,Lyra,Hua,07/07/2025,N
43694274330023,4330023,611820,1308,Active,Santa Clara,East Side Union High,Santa Teresa High,6150 Snell Road,6150 Snell Rd.,San Jose,95123-4740,CA,6150 Snell Road,6150 Snell Rd.,San Jose,95123-4740,CA,(408) 347-6200,No Data,(408) 347-6215,http://santateresa.esuhsd.org/,07/01/1974,No Data,N,No Data,No Data,56,High School District,66,High Schools (Public),TRAD,Traditional,HS,High School,9-12,9-12,C,Y,N,No Data,37.235085,-121.8305,Truc,Chau,07/07/2025,N
43694274330031,4330031,611820,1302,Active,Santa Clara,East Side Union High,Independence High,617 North Jackson Avenue,617 North Jackson Ave.,San Jose,95133-1703,CA,617 North Jackson Avenue,617 North Jackson Ave.,San Jose,95133-1703,CA,(408) 928-9500,No Data,(408) 928-9515,http://independence.esuhsd.org/,07/01/1976,No Data,N,No Data,No Data,56,High School District,66,High Schools (Public),TRAD,Traditional,HS,High School,9-12,9-12,C,Y,N,No Data,37.370953,-121.85602,Amy,Hanna,07/07/2025,N
43694274330692,4330692,611820,10665,Active,Santa Clara,East Side Union High,Evergreen Valley High,3300 Quimby Road,3300 Quimby Rd.,San Jose,95148-3122,CA,3300 Quimby Road,3300 Quimby Rd.,San Jose,95148-3122,CA,(408) 347-7000,No Data,(408) 347-7005,http://evergreenvalley.esuhsd.org/,08/27/2002,No Data,N,No Data,No Data,56,High School District,66,High Schools (Public),TRAD,Traditional,HS,High School,9-12,9-12,C,N,N,No Data,37.325201,-121.77866,Shelby,Edwards,08/22/2024,N
43694274332995,4332995,611820,1301,Active,Santa Clara,East Side Union High,Andrew P. Hill High,3200 Senter Road,3200 Senter Rd.,San Jose,95111-1332,CA,3200 Senter Road,3200 Senter Rd.,San Jose,95111-1332,CA,(408) 347-4100,No Data,(408) 347-4115,http://andrewphill.esuhsd.org/,07/01/1956,No Data,N,No Data,No Data,56,High School District,66,High Schools (Public),TRAD,Traditional,HS,High School,9-12,9-12,C,Y,N,No Data,37.291923,-121.83173,Jose,Hernandez,02/09/2023,N
43694274333639,4333639,611820,1303,Active,Santa Clara,East Side Union High,James Lick High,57 North White Road,57 North White Rd.,San Jose,95127-1933,CA,57 North White Road,57 North White Rd.,San Jose,95127-1933,CA,(408) 347-4400,No Data,(408) 347-4415,http://jameslick.esuhsd.org/,07/01/1950,No Data,N,No Data,No Data,56,High School District,66,High Schools (Public),TRAD,Traditional,HS,High School,9-12,9-12,C,Y,N,No Data,37.368046,-121.83009,Gubuan,Honey,02/09/2023,N
43694274334900,4334900,611820,1304,Active,Santa Clara,East Side Union High,Mt. Pleasant High,1750 South White Road,1750 South White Rd.,San Jose,95127-4760,CA,1750 South White Road,1750 South White Rd.,San Jose,95127-4760,CA,(408) 937-2800,No Data,(408) 937-2815,http://mtpleasant.esuhsd.org/,07/01/1965,No Data,N,No Data,No Data,56,High School District,66,High Schools (Public),TRAD,Traditional,HS,High School,9-12,9-12,C,Y,N,No Data,37.345646,-121.80948,Adriana,Rangel,02/09/2023,N
43694274335204,4335204,611820,1305,Active,Santa Clara,East Side Union High,Oak Grove High,285 Blossom Hill Road,285 Blossom Hill Rd.,San Jose,95123-2048,CA,285 Blossom Hill Road,285 Blossom Hill Rd.,San Jose,95123-2048,CA,(408) 347-6500,No Data,(408) 347-6505,http://oakgrove.esuhsd.org/,07/01/1967,No Data,N,No Data,No Data,56,High School District,66,High Schools (Public),TRAD,Traditional,HS,High School,9-12,9-12,C,Y,N,No Data,37.251575,-121.81892,Martha,Brazil,02/09/2023,N
43694274335428,4335428,611820,1306,Active,Santa Clara,East Side Union High,William C. Overfelt High,1835 Cunningham Avenue,1835 Cunningham Ave.,San Jose,95122-1712,CA,1835 Cunningham Avenue,1835 Cunningham Ave.,San Jose,95122-1712,CA,(408) 347-5900,No Data,(408) 347-5915,http://williamcoverfelt.esuhsd.org/,07/01/1962,No Data,N,No Data,No Data,56,High School District,66,High Schools (Public),TRAD,Traditional,HS,High School,9-12,9-12,C,Y,N,No Data,37.330593,-121.82838,Vito,Chiala,02/09/2023,N
43694274335907,4335907,611820,1307,Active,Santa Clara,East Side Union High,Piedmont Hills High,1377 Piedmont Road,1377 Piedmont Rd.,San Jose,95132-2497,CA,1377 Piedmont Road,1377 Piedmont Rd.,San Jose,95132-2497,CA,(408) 347-3800,No Data,(408) 347-3805,http://piedmonthills.esuhsd.org/,07/01/1965,No Data,N,No Data,No Data,56,High School District,66,High Schools (Public),TRAD,Traditional,HS,High School,9-12,9-12,C,Y,N,No Data,37.403788,-121.84899,Nancy,Pereira,08/22/2024,N
43694274337903,4337903,611820,1309,Active,Santa Clara,East Side Union High,Silver Creek High,3434 Silver Creek Road,3434 Silver Creek Rd.,San Jose,95121-1845,CA,3434 Silver Creek Road,3434 Silver Creek Rd.,San Jose,95121-1845,CA,(408) 347-5600,No Data,(408) 347-5615,http://silvercreek.esuhsd.org/,07/01/1969,No Data,N,No Data,No Data,56,High School District,66,High Schools (Public),TRAD,Traditional,HS,High School,9-12,9-12,C,Y,N,No Data,37.304331,-121.80831,Kelly,Daugherty,02/09/2023,N
43694350102616,0102616,613140,11451,Active,Santa Clara,Evergreen Elementary,Carolyn A. Clark Elementary,3701 Rue Mirassou Drive,3701 Rue Mirassou Dr.,San Jose,95148-4382,CA,3701 Rue Mirassou Drive,3701 Rue Mirassou Dr.,San Jose,95148-4382,CA,(408) 223-4560,No Data,(408) 223-4567,www.eesd.org,08/18/2004,No Data,N,No Data,No Data,52,Elementary School District,60,Elementary Schools (Public),TRAD,Traditional,ELEM,Elementary,K-6,K-6,N,N,N,No Data,37.321714,-121.76937,Loan,Dinh,08/08/2024,N
43694356047120,6047120,613140,1490,Active,Santa Clara,Evergreen Elementary,Cadwallader Elementary,3799 Cadwallader Avenue,3799 Cadwallader Ave.,San Jose,95121-1114,CA,3799 Cadwallader Avenue,3799 Cadwallader Ave.,San Jose,95121-1114,CA,(408) 270-4950,No Data,(408) 223-4839,No Data,07/01/1980,No Data,N,No Data,No Data,52,Elementary School District,60,Elementary Schools (Public),TRAD,Traditional,ELEM,Elementary,K-6,K-6,N,N,N,No Data,37.306698,-121.78763,Jennifer,Diehl,08/08/2024,N
43694356047138,6047138,613140,1492,Active,Santa Clara,Evergreen Elementary,Evergreen Elementary,3010 Fowler Road,3010 Fowler Rd.,San Jose,95135-1017,CA,3010 Fowler Road,3010 Fowler Rd.,San Jose,95135-1017,CA,(408) 270-4966,No Data,(408) 270-4968,No Data,07/01/1955,No Data,N,No Data,No Data,52,Elementary School District,60,Elementary Schools (Public),TRAD,Traditional,ELEM,Elementary,K-6,K-6,N,N,N,No Data,37.310525,-121.77793,Diana,Nakano,08/08/2024,N
43694356047146,6047146,613140,1494,Active,Santa Clara,Evergreen Elementary,Holly Oak Elementary,2995 Rossmore Way,2995 Rossmore Way,San Jose,95148-3527,CA,2995 Rossmore Way,2995 Rossmore Way,San Jose,95148-3527,CA,(408) 270-4975,No Data,(408) 223-4513,No Data,07/01/1980,No Data,N,No Data,No Data,52,Elementary School District,60,Elementary Schools (Public),TRAD,Traditional,ELEM,Elementary,K-6,K-6,N,N,N,No Data,37.31875,-121.79765,Armando,Lara,05/23/2025,Y
43694356047153,6047153,613140,1496,Active,Santa Clara,Evergreen Elementary,Katherine R. Smith Elementary,2025 Clarice Drive,2025 Clarice Dr.,San Jose,95122-1204,CA,2025 Clarice Drive,2025 Clarice Dr.,San Jose,95122-1204,CA,(408) 270-6751,No Data,(408) 270-6877,No Data,07/01/1980,No Data,N,No Data,No Data,52,Elementary School District,60,Elementary Schools (Public),TRAD,Traditional,ELEM,Elementary,K-6,K-6,N,N,N,No Data,37.326253,-121.82206,Doris,Malmin,09/12/2025,N
43694356047161,6047161,613140,1498,Active,Santa Clara,Evergreen Elementary,O. B. Whaley Elementary,2655 Alvin Avenue,2655 Alvin Ave.,San Jose,95121-1609,CA,2655 Alvin Avenue,2655 Alvin Ave.,San Jose,95121-1609,CA,(408) 270-6759,No Data,(408) 223-4537,No Data,07/01/1980,No Data,N,No Data,No Data,52,Elementary School District,60,Elementary Schools (Public),TRAD,Traditional,ELEM,Elementary,K-6,K-6,N,N,N,No Data,37.31619,-121.82424,Gina,Ornellas,05/30/2024,N
43694356047179,6047179,613140,1499,Active,Santa Clara,Evergreen Elementary,Quimby Oak Middle,3190 Quimby Road,3190 Quimby Rd.,San Jose,95148-3022,CA,3190 Quimby Road,3190 Quimby Rd.,San Jose,95148-3022,CA,(408) 270-6735,No Data,(408) 223-4533,No Data,07/01/1980,No Data,N,No Data,No Data,52,Elementary School District,62,Intermediate/Middle Schools (Public),TRAD,Traditional,INTMIDJR,Intermediate/Middle/Junior High,7-8,7-8,N,N,N,No Data,37.324774,-121.78708,Virginia,Gaeta,02/09/2023,N
43694356067193,6067193,613140,1491,Active,Santa Clara,Evergreen Elementary,Cedar Grove Elementary,2702 Sugar Plum Drive,2702 Sugar Plum Dr.,San Jose,95148-2042,CA,2702 Sugar Plum Drive,2702 Sugar Plum Dr.,San Jose,95148-2042,CA,(408) 270-4958,No Data,(408) 223-4852,No Data,07/01/1980,No Data,N,No Data,No Data,52,Elementary School District,60,Elementary Schools (Public),TRAD,Traditional,ELEM,Elementary,K-6,K-6,N,N,N,No Data,37.331164,-121.79361,Lea,Peery,02/09/2023,N
43694356085690,6085690,613140,1493,Active,Santa Clara,Evergreen Elementary,George V. LeyVa Intermediate,1865 Monrovia Drive,1865 Monrovia Dr.,San Jose,95122-1505,CA,1865 Monrovia Drive,1865 Monrovia Dr.,San Jose,95122-1505,CA,(408) 270-4993,No Data,(408) 270-5462,No Data,07/01/1980,No Data,N,No Data,No Data,52,Elementary School District,62,Intermediate/Middle Schools (Public),TRAD,Traditional,INTMIDJR,Intermediate/Middle/Junior High,7-8,7-8,N,N,N,No Data,37.314281,-121.81263,Jim,Grassi,08/08/2024,N
43694356095988,6095988,613140,1495,Active,Santa Clara,Evergreen Elementary,John J. Montgomery Elementary,2010 Daniel Maloney Drive,2010 Daniel Maloney Dr.,San Jose,95121-1328,CA,2010 Daniel Maloney Drive,2010 Daniel Maloney Dr.,San Jose,95121-1328,CA,(408) 270-6718,No Data,(408) 223-4848,No Data,07/01/1980,No Data,N,No Data,No Data,52,Elementary School District,60,Elementary Schools (Public),TRAD,Traditional,ELEM,Elementary,K-6,K-6,N,N,N,No Data,37.307734,-121.80108,Jaime,Hammond,02/09/2023,N
43694356102081,6102081,613140,7708,Active,Santa Clara,Evergreen Elementary,Norwood Creek Elementary,3241 Remington Way,3241 Remington Way,San Jose,95148-2757,CA,3241 Remington Way,3241 Remington Way,San Jose,95148-2757,CA,(408) 270-6727,No Data,(408) 223-9266,No Data,07/01/1980,No Data,N,No Data,No Data,52,Elementary School District,60,Elementary Schools (Public),TRAD,Traditional,ELEM,Elementary,K-6,K-6,N,N,N,No Data,37.328173,-121.78862,Tonya,Bailey,02/09/2023,N
43694356105787,6105787,613140,8836,Active,Santa Clara,Evergreen Elementary,Millbrook Elementary,3200 Millbrook Drive,3200 Millbrook Dr.,San Jose,95148-3681,CA,3200 Millbrook Drive,3200 Millbrook Dr.,San Jose,95148-3681,CA,(408) 270-6767,No Data,(408) 223-4887,No Data,07/01/1980,No Data,N,No Data,No Data,52,Elementary School District,60,Elementary Schools (Public),TRAD,Traditional,ELEM,Elementary,K-6,K-6,N,N,N,No Data,37.319487,-121.78805,Steve,Sweeney,05/30/2024,N
43694356110159,6110159,613140,10321,Active,Santa Clara,Evergreen Elementary,Chaboya Middle,3276 Cortona Drive,3276 Cortona Dr.,San Jose,95135-1180,CA,3276 Cortona Drive,3276 Cortona Dr.,San Jose,95135-1180,CA,(408) 270-6900,No Data,(408) 270-6916,No Data,09/01/1991,No Data,N,No Data,No Data,52,Elementary School District,64,Junior High Schools (Public),TRAD,Traditional,INTMIDJR,Intermediate/Middle/Junior High,7-8,7-8,N,N,N,No Data,37.312333,-121.768,Michal,Nozik,08/08/2024,N
43694356111942,6111942,613140,4054,Active,Santa Clara,Evergreen Elementary,Silver Oak Elementary,5000 Farnsworth Drive,5000 Farnsworth Dr.,San Jose,95138-2336,CA,5000 Farnsworth Drive,5000 Farnsworth Dr.,San Jose,95138-2336,CA,(408) 223-4515,No Data,(408) 223-4540,No Data,08/31/1994,No Data,N,No Data,No Data,52,Elementary School District,60,Elementary Schools (Public),TRAD,Traditional,ELEM,Elementary,K-6,K-6,N,N,N,No Data,37.284241,-121.77369,Celestina,Pakel,09/12/2025,N
43694356115851,6115851,613140,7788,Active,Santa Clara,Evergreen Elementary,Tom Matsumoto Elementary,4121 Mackin Woods Lane,4121 Mackin Woods Ln.,San Jose,95135-1159,CA,4121 Mackin Woods Lane,4121 Mackin Woods Ln.,San Jose,95135-1159,CA,(408) 223-4873,No Data,(408) 223-4883,No Data,10/01/1998,No Data,N,No Data,No Data,52,Elementary School District,60,Elementary Schools (Public),TRAD,Traditional,ELEM,Elementary,K-6,K-6,N,N,N,No Data,37.312017,-121.76502,Gokcen,Ceran,08/27/2024,N
43694356117956,6117956,613140,8631,Active,Santa Clara,Evergreen Elementary,James Franklin Smith Elementary,2220 Woodbury Lane,2220 Woodbury Ln.,San Jose,95121-3233,CA,2220 Woodbury Lane,2220 Woodbury Ln.,San Jose,95121-3233,CA,(408) 532-2150,No Data,(408) 532-2165,No Data,08/01/2000,No Data,N,No Data,No Data,52,Elementary School District,60,Elementary Schools (Public),TRAD,Traditional,ELEM,Elementary,K-6,K-6,N,N,N,No Data,37.297368,-121.78799,Alexis,O'Flaherty,09/12/2025,N
43694500127225,0127225,614370,13199,Active,Santa Clara,Franklin-McKinley Elementary,College Connection Academy,1855 Lucretia Avenue,1855 Lucretia Ave.,San Jose,95122-3730,CA,1855 Lucretia Avenue,1855 Lucretia Ave.,San Jose,95122,CA,(408) 347-4827,No Data,No Data,http://fmsd.org,07/01/2013,No Data,N,No Data,No Data,52,Elementary School District,62,Intermediate/Middle Schools (Public),TRAD,Traditional,INTMIDJR,Intermediate/Middle/Junior High,7-8,7-8,N,N,N,No Data,37.320115,-121.84751,Juan,Alcantar,07/27/2023,N
43694506047195,6047195,614370,1644,Active,Santa Clara,Franklin-McKinley Elementary,Franklin Elementary,420 Tully Road,420 Tully Rd.,San Jose,95111-1914,CA,420 Tully Road,420 Tully Rd.,San Jose,95111-1914,CA,(408) 283-6375,No Data,(408) 283-6060,No Data,07/01/1980,No Data,N,No Data,No Data,52,Elementary School District,60,Elementary Schools (Public),TRAD,Traditional,ELEM,Elementary,K-6,K-6,N,N,N,No Data,37.305453,-121.85107,Kristen,Kovac,07/25/2023,N
43694506047211,6047211,614370,1646,Active,Santa Clara,Franklin-McKinley Elementary,Captain Jason M. Dahl Elementary,3200 Water Street,3200 Water St.,San Jose,95111-3236,CA,3200 Water Street,3200 Water St.,San Jose,95111-3236,CA,(408) 363-5650,No Data,(408) 363-5669,No Data,07/01/1980,No Data,N,No Data,No Data,52,Elementary School District,60,Elementary Schools (Public),TRAD,Traditional,ELEM,Elementary,K-6,K-6,N,N,N,No Data,37.288155,-121.84003,Michelle,Quilantang,02/09/2023,N
43694506047229,6047229,614370,1643,Active,Santa Clara,Franklin-McKinley Elementary,Bridges Academy,1702 Mclaughlin Avenue,1702 Mclaughlin Ave.,San Jose,95122-2936,CA,1702 Mclaughlin Avenue,1702 Mclaughlin Ave.,San Jose,95122-2936,CA,(408) 283-6400,No Data,(408) 283-6419,No Data,07/01/1980,No Data,N,No Data,No Data,52,Elementary School District,62,Intermediate/Middle Schools (Public),TRAD,Traditional,INTMIDJR,Intermediate/Middle/Junior High,7-8,7-8,N,N,N,No Data,37.325456,-121.84646,Maria,Trejo,07/08/2025,N
43694506047237,6047237,614370,1648,Active,Santa Clara,Franklin-McKinley Elementary,G. W. Hellyer Elementary,725 Hellyer Ave,725 Hellyer Ave,San Jose,95111-1523,CA,725 Hellyer Ave,725 Hellyer Ave,San Jose,95111-1523,CA,(408) 363-5750,No Data,(408) 363-5761,No Data,07/01/1980,No Data,N,No Data,No Data,52,Elementary School District,60,Elementary Schools (Public),TRAD,Traditional,ELEM,Elementary,K-6,K-3,N,N,N,No Data,37.284831,-121.82029,Jose,Jacinto,07/15/2025,N
43694506047245,6047245,614370,1649,Active,Santa Clara,Franklin-McKinley Elementary,Jeanne R. Meadows Elementary,1250 Taper Lane,1250 Taper Ln.,San Jose,95122-2950,CA,1250 Taper Lane,1250 Taper Ln.,San Jose,95122-2950,CA,(408) 283-6300,No Data,(408) 283-6061,No Data,07/01/1980,No Data,N,No Data,No Data,52,Elementary School District,60,Elementary Schools (Public),TRAD,Traditional,ELEM,Elementary,K-6,K-6,N,N,N,No Data,37.320969,-121.83953,Magdalena,Moore,07/15/2025,N
43694506047252,6047252,614370,1650,Active,Santa Clara,Franklin-McKinley Elementary,Santee Elementary,1313 Audubon Drive,1313 Audubon Dr.,San Jose,95122-3211,CA,1313 Audubon Drive,1313 Audubon Dr.,San Jose,95122-3211,CA,(408) 283-6450,No Data,(408) 283-6062,No Data,07/01/1980,No Data,N,No Data,No Data,52,Elementary School District,60,Elementary Schools (Public),TRAD,Traditional,ELEM,Elementary,K-6,K-6,N,N,N,No Data,37.328062,-121.84671,Maria,Reyes,02/09/2023,N
43694506047260,6047260,614370,1651,Active,Santa Clara,Franklin-McKinley Elementary,Lairon College Preparatory Academy,3975 Mira Loma,3975 Mira Loma,San Jose,95111-3520,CA,3975 Mira Loma,3975 Mira Loma,San Jose,95111-3520,CA,(408) 363-5775,No Data,(408) 363-5642,No Data,07/01/1980,No Data,N,No Data,No Data,52,Elementary School District,60,Elementary Schools (Public),TRAD,Traditional,ELEM,Elementary,K-6,3-8,N,N,N,No Data,37.28238,-121.82885,Joseph,Hanna,07/09/2025,N
43694506047278,6047278,614370,1653,Active,Santa Clara,Franklin-McKinley Elementary,Sylvandale Middle,653 Sylvandale Avenue,653 Sylvandale Ave.,San Jose,95111-1414,CA,653 Sylvandale Avenue,653 Sylvandale Ave.,San Jose,95111-1414,CA,(408) 363-5700,No Data,(408) 363-5649,No Data,07/01/1980,No Data,N,No Data,No Data,52,Elementary School District,62,Intermediate/Middle Schools (Public),TRAD,Traditional,INTMIDJR,Intermediate/Middle/Junior High,7-8,7-8,N,N,N,No Data,37.287864,-121.82531,Juan Carlos,Alvarado,06/27/2024,N
43694506067201,6067201,614370,1647,Active,Santa Clara,Franklin-McKinley Elementary,Robert F. Kennedy Elementary,1602 Lucretia Avenue,1602 Lucretia Ave.,San Jose,95122-3812,CA,1602 Lucretia Avenue,1602 Lucretia Ave.,San Jose,95122-3812,CA,(408) 283-6325,No Data,(408) 283-6337,No Data,07/01/1980,No Data,N,No Data,No Data,52,Elementary School District,60,Elementary Schools (Public),TRAD,Traditional,ELEM,Elementary,K-6,K-6,N,N,N,No Data,37.324997,-121.8524,Mariana,Alvarez,02/09/2023,N
43694506071542,6071542,614370,1652,Active,Santa Clara,Franklin-McKinley Elementary,Stonegate Elementary,2605 Gassmann Drive,2605 Gassmann Dr.,San Jose,95121-2812,CA,2605 Gassmann Drive,2605 Gassmann Dr.,San Jose,95121-2812,CA,(408) 363-5625,No Data,(408) 363-5631,No Data,07/01/1980,No Data,N,No Data,No Data,52,Elementary School District,60,Elementary Schools (Public),TRAD,Traditional,ELEM,Elementary,K-8,K-8,N,N,N,No Data,37.308515,-121.83635,Jahsve,Worthy,07/08/2025,N
43694506105795,6105795,614370,8840,Active,Santa Clara,Franklin-McKinley Elementary,Windmill Springs Elementary,2880 Aetna Way,2880 Aetna Way,San Jose,95121-2301,CA,2880 Aetna Way,2880 Aetna Way,San Jose,95121-2301,CA,(408) 363-5600,No Data,(408) 363-5606,No Data,07/01/1980,No Data,N,No Data,No Data,52,Elementary School District,60,Elementary Schools (Public),TRAD,Traditional,ELEM,Elementary,K-8,K-8,N,N,N,No Data,37.306212,-121.82428,Jose,Sanchez,07/08/2025,Y
43694506115943,6115943,614370,8352,Active,Santa Clara,Franklin-McKinley Elementary,"Shirakawa (George, Sr.) Elementary",665 Wool Creek Drive,665 Wool Creek Dr.,San Jose,95112-2617,CA,665 Wool Creek Drive,665 Wool Creek Dr.,San Jose,95112-2617,CA,(408) 283-6086,No Data,(408) 938-3260,No Data,07/01/1999,No Data,N,No Data,No Data,52,Elementary School District,60,Elementary Schools (Public),TRAD,Traditional,ELEM,Elementary,K-6,K-8,N,N,N,No Data,37.316085,-121.84974,Rochelle,Espitia,07/09/2025,N
43694684334421,4334421,614430,1698,Active,Santa Clara,Fremont Union High,Lynbrook High,1280 Johnson Avenue,1280 Johnson Ave.,San Jose,95129-4172,CA,1280 Johnson Avenue,1280 Johnson Ave.,San Jose,95129-4172,CA,(408) 366-7700,No Data,(408) 257-0551,No Data,07/01/1980,No Data,N,No Data,No Data,56,High School District,66,High Schools (Public),TRAD,Traditional,HS,High School,9-12,9-12,C,N,N,No Data,37.300713,-122.00647,Janice,Chen,08/07/2025,N
43695186047500,6047500,622650,2790,Active,Santa Clara,Los Altos Elementary,Springer Elementary,1120 Rose Avenue,1120 Rose Ave.,Mountain View,94040-4058,CA,1120 Rose Avenue,1120 Rose Ave.,Mountain View,94040-4058,CA,(650) 943-4200,No Data,(650) 965-9683,www.springerschool.net,07/01/1980,No Data,N,No Data,No Data,52,Elementary School District,60,Elementary Schools (Public),TRAD,Traditional,ELEM,Elementary,K-6,K-6,N,N,N,No Data,37.371011,-122.09402,Sarah,March,08/21/2024,N
43695426047575,6047575,623130,3530,Active,Santa Clara,Luther Burbank,Luther Burbank Elementary,4 Wabash Avenue,4 Wabash Ave.,San Jose,95128-1931,CA,4 Wabash Avenue,4 Wabash Ave.,San Jose,95128-1931,CA,(408) 295-1814,No Data,(408) 295-3168,https://www.lbsdk8.org/,07/01/1908,No Data,N,No Data,No Data,52,Elementary School District,61,Elemen Schools In 1 School Dist. (Public),TRAD,Traditional,ELEM,Elementary,P-8,K-8,N,N,N,No Data,37.323556,-121.9267,Ladislao,Lopez,07/25/2024,N
43695750129940,0129940,625770,13806,Active,Santa Clara,Moreland,Latimer,4250 Latimer Avenue,4250 Latimer Ave.,San Jose,95130-1400,CA,4250 Latimer Avenue,4250 Latimer Ave.,San Jose,95130-1400,CA,(408) 874-3600,No Data,(408) 374-8827,www.latimer.moreland.org,08/19/2014,No Data,N,No Data,No Data,52,Elementary School District,60,Elementary Schools (Public),TRAD,Traditional,ELEM,Elementary,K-8,K-8,N,N,N,No Data,37.292391,-121.97803,Hilary,Gill,02/09/2023,N
43695756047740,6047740,625770,3853,Active,Santa Clara,Moreland,Country Lane Elementary,5140 Country Lane,5140 Country Ln.,San Jose,95129-4299,CA,5140 Country Lane,5140 Country Ln.,San Jose,95129-4299,CA,(408) 874-3400,No Data,(408) 252-4576,www.countrylane.moreland.org,07/01/1980,No Data,N,No Data,No Data,52,Elementary School District,60,Elementary Schools (Public),TRAD,Traditional,ELEM,Elementary,K-5,K-5,N,N,N,No Data,37.298472,-121.99193,Keri,Billings,02/09/2023,N
43695756047765,6047765,625770,3854,Active,Santa Clara,Moreland,Easterbrook Discovery,4835 Doyle Road,4835 Doyle Rd.,San Jose,95129-3246,CA,4835 Doyle Road,4835 Doyle Rd.,San Jose,95129-3246,CA,(408) 874-3500,No Data,(408) 253-7321,www.easterbrook.moreland.org,07/01/1980,No Data,N,No Data,No Data,52,Elementary School District,60,Elementary Schools (Public),TRAD,Traditional,ELEM,Elementary,K-8,K-8,N,N,N,No Data,37.303397,-121.98663,Sherri,Vasquez,02/09/2023,N
43695756047781,6047781,625770,3855,Active,Santa Clara,Moreland,Moreland Middle,4600 Student Lane,4600 Student Ln.,San Jose,95130-1762,CA,4600 Student Lane,4600 Student Ln.,San Jose,95130-1762,CA,(408) 874-3300,No Data,(408) 379-3622,www.mms.moreland.org,07/01/1980,No Data,N,No Data,No Data,52,Elementary School District,62,Intermediate/Middle Schools (Public),TRAD,Traditional,INTMIDJR,Intermediate/Middle/Junior High,6-8,6-8,N,N,N,No Data,37.290191,-121.98411,Theresa,Molinelli,08/21/2023,N
43695756047799,6047799,625770,3856,Active,Santa Clara,Moreland,George C. Payne Elementary,3750 Gleason Avenue,3750 Gleason Ave.,San Jose,95130-1323,CA,3750 Gleason Avenue,3750 Gleason Ave.,San Jose,95130-1323,CA,(408) 874-3700,No Data,(408) 241-4932,www.payne.moreland.org,07/01/1980,No Data,N,No Data,No Data,52,Elementary School District,60,Elementary Schools (Public),TRAD,Traditional,ELEM,Elementary,K-5,K-5,N,N,N,No Data,37.297438,-121.96742,Jeanette,Escobar,08/21/2024,N
43695756047807,6047807,625770,3857,Active,Santa Clara,Moreland,Gussie M. Baker Elementary,4845 Bucknall Road,4845 Bucknall Rd.,San Jose,95130-2021,CA,4845 Bucknall Road,4845 Bucknall Rd.,San Jose,95130-2021,CA,(408) 874-3200,No Data,(408) 379-3726,www.baker.moreland.org,07/01/1980,No Data,N,No Data,No Data,52,Elementary School District,60,Elementary Schools (Public),TRAD,Traditional,ELEM,Elementary,K-5,K-5,N,N,N,No Data,37.283415,-121.98712,Jenna,Naylor,08/21/2024,N
43695756047831,6047831,625770,3860,Active,Santa Clara,Moreland,Leroy Anderson Elementary,4000 Rhoda Drive,4000 Rhoda Dr.,San Jose,95117-3225,CA,4000 Rhoda Drive,4000 Rhoda Dr.,San Jose,95117-3225,CA,(408) 874-3100,No Data,(408) 243-4312,www.anderson.moreland.org,07/01/1980,No Data,N,No Data,No Data,52,Elementary School District,60,Elementary Schools (Public),TRAD,Traditional,ELEM,Elementary,K-5,K-5,N,N,N,No Data,37.30466,-121.9715,Jodi,Rubino,08/21/2024,N
43695836095392,6095392,625830,3878,Active,Santa Clara,Morgan Hill Unified,Los Paseos Elementary,121 Avenida Grande,121 Avenida Grande,San Jose,95139-1107,CA,121 Avenida Grande,121 Avenida Grande,San Jose,95139-1107,CA,(408) 201-6420,No Data,(408) 281-4021,No Data,07/01/1980,No Data,N,No Data,No Data,54,Unified School District,60,Elementary Schools (Public),TRAD,Traditional,ELEM,Elementary,K-5,K-5,N,N,N,No Data,37.228983,-121.76739,Stormie,Sutton,05/23/2025,N
43695836100325,6100325,625830,3880,Active,Santa Clara,Morgan Hill Unified,Martin Murphy Middle,141 Avenida Espana,141 Avenida Espana,San Jose,95139-1164,CA,141 Avenida Espana,141 Avenida Espana,San Jose,95139-1164,CA,(408) 201-6260,No Data,(408) 201-6270,No Data,07/01/1980,No Data,N,No Data,No Data,54,Unified School District,64,Junior High Schools (Public),TRAD,Traditional,INTMIDJR,Intermediate/Middle/Junior High,6-8,6-8,N,N,N,No Data,37.225583,-121.76693,Rick,Ito,05/23/2025,N
43695910132373,0132373,626280,13928,Active,Santa Clara,Mountain View Whisman,Gabriela Mistral Elementary,505 Escuela Avenue,505 Escuela Ave.,Mountain View,94040-2006,CA,505 Escuela Avenue,505 Escuela Ave.,Mountain View,94040-2006,CA,(650) 526-3575,No Data,(650) 526-3576,https://mistral.mvwsd.org,08/17/2015,No Data,N,No Data,No Data,52,Elementary School District,60,Elementary Schools (Public),TRAD,Traditional,ELEM,Elementary,K-5,K-5,N,N,N,No Data,37.394899,-122.09414,Claudia,Olaciregui,10/08/2020,Y
43695910138750,0138750,626280,14375,Active,Santa Clara,Mountain View Whisman,Jose Antonio Vargas Elementary,220 North Whisman Road,220 North Whisman Rd.,Mountain View,94043-3954,CA,220 North Whisman Road,220 North Whisman Rd.,Mountain View,94043-3954,CA,(650) 903-6952,No Data,No Data,www.mvwsd.org,08/19/2019,No Data,N,No Data,No Data,52,Elementary School District,60,Elementary Schools (Public),TRAD,Traditional,ELEM,Elementary,K-5,K-5,N,N,N,No Data,37.393904,-122.06109,Acantha,Ellard,08/25/2025,N
43695916047955,6047955,626280,3922,Active,Santa Clara,Mountain View Whisman,Benjamin Bubb Elementary,525 Hans Avenue,525 Hans Ave.,Mountain View,94040-3103,CA,525 Hans Avenue,525 Hans Ave.,Mountain View,94040-3103,CA,(650) 526-3480,No Data,(650) 428-1556,No Data,07/01/1980,No Data,N,No Data,No Data,52,Elementary School District,60,Elementary Schools (Public),TRAD,Traditional,ELEM,Elementary,K-5,K-5,N,N,N,No Data,37.379144,-122.08176,Jane,Jung,07/23/2024,N
43695916047963,6047963,626280,3926,Active,Santa Clara,Mountain View Whisman,Edith Landels Elementary,115 West Dana Street,115 West Dana St.,Mountain View,94041-1406,CA,115 West Dana Street,115 West Dana St.,Mountain View,94041-1406,CA,(650) 526-3520,No Data,(650) 969-7036,No Data,07/01/1980,No Data,N,No Data,No Data,52,Elementary School District,60,Elementary Schools (Public),TRAD,Traditional,ELEM,Elementary,K-5,K-7,N,N,N,No Data,37.388743,-122.07055,Pieter,Dolmans,02/09/2023,N
43695916047971,6047971,626280,7791,Active,Santa Clara,Mountain View Whisman,Amy Imai Elementary,253 Martens Avenue,253 Martens Ave.,Mountain View,94040-3220,CA,253 Martens Avenue,253 Martens Ave.,Mountain View,94040-3220,CA,(650) 526-3490,No Data,(650) 564-9046,No Data,09/01/1998,No Data,N,No Data,No Data,52,Elementary School District,60,Elementary Schools (Public),TRAD,Traditional,ELEM,Elementary,K-5,K-5,N,N,N,No Data,37.375266,-122.07434,Arline,Siam,02/09/2023,N
43695916047989,6047989,626280,3924,Active,Santa Clara,Mountain View Whisman,Isaac Newton Graham Middle,1175 Castro Street,1175 Castro St.,Mountain View,94040-2505,CA,1175 Castro Street,1175 Castro St.,Mountain View,94040-2505,CA,(650) 965-9292,No Data,(650) 965-9278,No Data,07/01/1980,No Data,N,No Data,No Data,52,Elementary School District,62,Intermediate/Middle Schools (Public),TRAD,Traditional,INTMIDJR,Intermediate/Middle/Junior High,6-8,6-8,N,N,N,No Data,37.381793,-122.086,Sebastian,Benavidez,05/23/2025,Y
43695916048003,6048003,626280,3923,Active,Santa Clara,Mountain View Whisman,Mariano Castro Elementary,500 Toft Street,500 Toft St.,Mountain View,94041-1727,CA,500 Toft Street,500 Toft St.,Mountain View,94041-1727,CA,(650) 526-3590,No Data,(650) 964-9013,No Data,07/01/1980,No Data,N,No Data,No Data,52,Elementary School District,60,Elementary Schools (Public),TRAD,Traditional,ELEM,Elementary,K-5,K-5,N,N,N,No Data,37.394025,-122.09204,Vernorris,Taylor,11/19/2025,N
43695916049464,6049464,626280,12540,Active,Santa Clara,Mountain View Whisman,Stevenson Elementary,750 San Pierre Way,750 San Pierre Way,Mountain View,94043-3133,CA,750 San Pierre Way,750 San Pierre Way,Mountain View,94043-3133,CA,(650) 903-6950,No Data,(650) 903-6951,No Data,08/25/2009,No Data,N,No Data,No Data,52,Elementary School District,60,Elementary Schools (Public),TRAD,Traditional,ELEM,Elementary,K-5,K-5,N,N,N,No Data,37.403342,-122.08432,Megan,Pohlman,08/25/2025,N
43695916049472,6049472,626280,6931,Active,Santa Clara,Mountain View Whisman,Crittenden Middle,1701 Rock Street,1701 Rock St.,Mountain View,94043-3133,CA,1701 Rock Street,1701 Rock St.,Mountain View,94043-3133,CA,(650) 903-6945,No Data,(650) 967-1707,No Data,07/01/1980,No Data,N,No Data,No Data,52,Elementary School District,62,Intermediate/Middle Schools (Public),TRAD,Traditional,INTMIDJR,Intermediate/Middle/Junior High,6-8,6-8,N,N,N,No Data,37.412214,-122.08588,Julie,Thompson,07/23/2024,N
43695916049480,6049480,626280,6932,Active,Santa Clara,Mountain View Whisman,Monta Loma Elementary,460 Thompson Avenue,460 Thompson Ave.,Mountain View,94043-3133,CA,460 Thompson Avenue,460 Thompson Ave.,Mountain View,94043-3133,CA,(650) 903-6915,No Data,(650) 903-6921,No Data,07/01/1980,No Data,N,No Data,No Data,52,Elementary School District,60,Elementary Schools (Public),TRAD,Traditional,ELEM,Elementary,K-5,K-5,N,N,N,No Data,37.408196,-122.09807,Meghan,Jinguji,07/23/2024,N
43695916049514,6049514,626280,6933,Active,Santa Clara,Mountain View Whisman,Theuerkauf Elementary,1625 San Luis Avenue,1625 San Luis Ave.,Mountain View,94043-3133,CA,1625 San Luis Avenue,1625 San Luis Ave.,Mountain View,94043-3133,CA,(650) 903-6925,No Data,(650) 903-6931,No Data,07/01/1980,No Data,N,No Data,No Data,52,Elementary School District,60,Elementary Schools (Public),TRAD,Traditional,ELEM,Elementary,K-5,K-5,N,N,N,No Data,37.405889,-122.08497,Danielle,Lyons,08/09/2023,N
43696094334728,4334728,626310,3930,Active,Santa Clara,Mountain View-Los Altos Union High,Mountain View High,3535 Truman Avenue,3535 Truman Ave.,Mountain View,94040-4559,CA,3535 Truman Avenue,3535 Truman Ave.,Mountain View,94040-4559,CA,(650) 940-4602,No Data,(650) 961-6349,No Data,07/01/1980,No Data,N,No Data,No Data,56,High School District,66,High Schools (Public),TRAD,Traditional,HS,High School,9-12,9-12,N,N,N,No Data,37.358192,-122.06863,Kip,Glazer,08/19/2024,N
43696176048037,6048037,626400,3987,Active,Santa Clara,Mount Pleasant Elementary,August Boeger Middle,1944 Flint Avenue,1944 Flint Ave.,San Jose,95148-1213,CA,1944 Flint Avenue,1944 Flint Ave.,San Jose,95148-1213,CA,(408) 223-3770,No Data,(408) 223-6959,https://augustboeger.mpesd.org/,07/01/1980,No Data,N,No Data,No Data,52,Elementary School District,62,Intermediate/Middle Schools (Public),TRAD,Traditional,INTMIDJR,Intermediate/Middle/Junior High,6-8,6-8,N,N,N,No Data,37.347153,-121.80143,Raquel,Topete,05/20/2025,N
43696176048060,6048060,626400,3989,Active,Santa Clara,Mount Pleasant Elementary,Mt. Pleasant Elementary,14275 Candler Drive,14275 Candler Dr.,San Jose,95127-4157,CA,14275 Candler Drive,14275 Candler Dr.,San Jose,95127-4157,CA,(408) 258-6451,No Data,(408) 272-9705,https://mtpleasant.mpesd.org/,07/01/1980,No Data,N,No Data,No Data,52,Elementary School District,60,Elementary Schools (Public),TRAD,Traditional,ELEM,Elementary,P-5,K-5,N,N,N,No Data,37.354085,-121.81104,Gilbert,Rodriguez,05/20/2025,N
43696176048078,6048078,626400,3990,Active,Santa Clara,Mount Pleasant Elementary,Robert Sanders Elementary,3411 Rocky Mountain Drive,3411 Rocky Mountain Dr.,San Jose,95127-4853,CA,3411 Rocky Mountain Drive,3411 Rocky Mountain Dr.,San Jose,95127-4853,CA,(408) 258-7288,No Data,(408) 272-9646,https://robertsanders.mpesd.org/,07/01/1980,No Data,N,No Data,No Data,52,Elementary School District,60,Elementary Schools (Public),TRAD,Traditional,ELEM,Elementary,P-5,K-5,N,N,N,No Data,37.351574,-121.80177,Tammy,Rankin Conover,07/07/2025,N
43696176067227,6067227,626400,3991,Active,Santa Clara,Mount Pleasant Elementary,Valle Vista Elementary,1966 Flint Avenue,1966 Flint Ave.,San Jose,95148-1719,CA,1966 Flint Avenue,1966 Flint Ave.,San Jose,95148-1719,CA,(408) 223-3750,No Data,(408) 223-7346,https://ijavve.mpesd.org/,07/01/1980,No Data,N,No Data,No Data,52,Elementary School District,60,Elementary Schools (Public),TRAD,Traditional,ELEM,Elementary,K-5,K-5,N,N,N,No Data,37.346613,-121.79994,Anthony,Alvarado,05/20/2025,N
43696256048086,6048086,627810,9413,Active,Santa Clara,Oak Grove Elementary,Anderson (Alex) Elementary,5800 Calpine Drive,5800 Calpine Dr.,San Jose,95123-3705,CA,5800 Calpine Drive,5800 Calpine Dr.,San Jose,95123-3705,CA,(408) 225-6556,No Data,(408) 224-6964,https://anderson.ogsd.net,07/01/1980,No Data,N,No Data,No Data,52,Elementary School District,60,Elementary Schools (Public),TRAD,Traditional,ELEM,Elementary,K-6,K-6,C,N,N,No Data,37.24674,-121.81194,Kellee,Humphrey,08/06/2024,N
43696256048094,6048094,627810,4209,Active,Santa Clara,Oak Grove Elementary,Davis (Caroline) Intermediate,5035 Edenview Drive,5035 Edenview Dr.,San Jose,95111-4031,CA,5035 Edenview Drive,5035 Edenview Dr.,San Jose,95111-4031,CA,(408) 227-0616,No Data,(408) 224-8957,http://davis.ogsd.net,07/01/1980,No Data,N,No Data,No Data,52,Elementary School District,62,Intermediate/Middle Schools (Public),TRAD,Traditional,INTMIDJR,Intermediate/Middle/Junior High,7-8,7-8,C,N,N,No Data,37.266422,-121.81192,Ginelyn,Doldolea-Kudsi,09/15/2021,Y
43696256048102,6048102,627810,4208,Active,Santa Clara,Oak Grove Elementary,Christopher Elementary,565 Coyote Road,565 Coyote Rd.,San Jose,95111-2599,CA,565 Coyote Road,565 Coyote Rd.,San Jose,95111-2599,CA,(408) 227-8550,No Data,(408) 224-8265,https://christopher.ogsd.net,07/01/1980,No Data,N,No Data,No Data,52,Elementary School District,60,Elementary Schools (Public),TRAD,Traditional,ELEM,Elementary,K-8,K-8,C,N,N,No Data,37.279388,-121.81761,Marie,Mabanag,09/15/2021,Y
43696256048110,6048110,627810,4213,Active,Santa Clara,Oak Grove Elementary,Frost (Earl) Elementary,530 Gettysburg Drive,530 Gettysburg Dr.,San Jose,95123-3234,CA,530 Gettysburg Drive,530 Gettysburg Dr.,San Jose,95123-3234,CA,(408) 225-1881,No Data,(408) 224-8932,https://frost.ogsd.net,07/01/1980,No Data,N,No Data,No Data,52,Elementary School District,60,Elementary Schools (Public),TRAD,Traditional,ELEM,Elementary,K-6,K-6,C,N,N,No Data,37.247514,-121.83706,Tauvia,Harrigan,02/09/2023,N
43696256048128,6048128,627810,4212,Active,Santa Clara,Oak Grove Elementary,Edenvale Elementary,285 Azucar Avenue,285 Azucar Ave.,San Jose,95111-2902,CA,285 Azucar Avenue,285 Azucar Ave.,San Jose,95111-2902,CA,(408) 227-7060,No Data,(408) 224-8732,https://edenvale.ogsd.net,11/01/1966,No Data,N,No Data,No Data,52,Elementary School District,60,Elementary Schools (Public),TRAD,Traditional,ELEM,Elementary,K-6,K-6,C,N,N,No Data,37.26157,-121.80265,Karisa,Gonzales,07/07/2022,Y
43696256048177,6048177,627810,4221,Active,Santa Clara,Oak Grove Elementary,Stipe (Samuel) Elementary,5000 Lyng Drive,5000 Lyng Dr.,San Jose,95111-2720,CA,5000 Lyng Drive,5000 Lyng Dr.,San Jose,95111-2720,CA,(408) 227-7332,No Data,(408) 224-2231,https://stipe.ogsd.net,07/01/1980,No Data,N,No Data,No Data,52,Elementary School District,60,Elementary Schools (Public),TRAD,Traditional,ELEM,Elementary,K-6,K-6,C,N,N,No Data,37.271339,-121.80652,Lauren,Tilston,05/23/2025,N
43696256067243,6067243,627810,4223,Active,Santa Clara,Oak Grove Elementary,Santa Teresa Elementary,6200 Encinal Drive,6200 Encinal Dr.,San Jose,95119-1514,CA,6200 Encinal Drive,6200 Encinal Dr.,San Jose,95119-1514,CA,(408) 227-3303,No Data,(408) 226-3379,https://santateresa.ogsd.net,07/01/1980,No Data,N,No Data,No Data,52,Elementary School District,60,Elementary Schools (Public),TRAD,Traditional,ELEM,Elementary,K-6,K-6,C,N,N,No Data,37.234751,-121.7959,Kristi,Frankina,08/06/2024,N
43696256068167,6068167,627810,4216,Active,Santa Clara,Oak Grove Elementary,Herman (Leonard) Intermediate,5955 Blossom Avenue,5955 Blossom Ave.,San Jose,95123-4032,CA,5955 Blossom Avenue,5955 Blossom Ave.,San Jose,95123-4032,CA,(408) 226-1886,No Data,(408) 226-1897,https://herman.ogsd.net,07/01/1980,No Data,N,No Data,No Data,52,Elementary School District,62,Intermediate/Middle Schools (Public),TRAD,Traditional,INTMIDJR,Intermediate/Middle/Junior High,5-8,5-8,C,N,N,No Data,37.239738,-121.83975,Christy,Flores,09/15/2021,Y
43696256072144,6072144,627810,4220,Active,Santa Clara,Oak Grove Elementary,Sakamoto Elementary,6280 Shadelands Drive,6280 Shadelands Dr.,San Jose,95123-4645,CA,6280 Shadelands Drive,6280 Shadelands Dr.,San Jose,95123-4645,CA,(408) 227-3411,No Data,(408) 224-8784,http://sakamoto.ogsd.net,07/01/1980,No Data,N,No Data,No Data,52,Elementary School District,60,Elementary Schools (Public),TRAD,Traditional,ELEM,Elementary,K-6,K-6,C,N,N,No Data,37.230822,-121.83919,Fariba,Roberts,08/06/2024,N
43696256072151,6072151,627810,4210,Active,Santa Clara,Oak Grove Elementary,Del Roble Elementary,5345 Avenida Almendros,5345 Avenida Almendros,San Jose,95123-1405,CA,5345 Avenida Almendros,5345 Avenida Almendros,San Jose,95123-1405,CA,(408) 225-5675,No Data,(408) 224-8748,https://delroble.ogsd.net,07/01/1980,No Data,N,No Data,No Data,52,Elementary School District,60,Elementary Schools (Public),TRAD,Traditional,ELEM,Elementary,K-6,K-6,C,N,N,No Data,37.256532,-121.83565,Miguel,Rodriguez,08/06/2024,Y
43696256072177,6072177,627810,4205,Active,Santa Clara,Oak Grove Elementary,Bernal Intermediate,6610 San Ignacio Avenue,6610 San Ignacio Ave.,San Jose,95119-1935,CA,6610 San Ignacio Avenue,6610 San Ignacio Ave.,San Jose,95119-1935,CA,(408) 578-5731,No Data,(408) 578-7367,http://bernal.ogsd.net,07/01/1980,No Data,N,No Data,No Data,52,Elementary School District,62,Intermediate/Middle Schools (Public),TRAD,Traditional,INTMIDJR,Intermediate/Middle/Junior High,7-8,7-8,C,N,N,No Data,37.227088,-121.79097,Tammy,Unck,08/08/2024,Y
43696256088306,6088306,627810,4218,Active,Santa Clara,Oak Grove Elementary,Oak Ridge Elementary,5920 Bufkin Drive,5920 Bufkin Dr.,San Jose,95123-4308,CA,5920 Bufkin Drive,5920 Bufkin Dr.,San Jose,95123-4308,CA,(408) 578-5900,No Data,(408) 224-3960,https://oakridge.ogsd.net,07/01/1980,No Data,N,No Data,No Data,52,Elementary School District,60,Elementary Schools (Public),TRAD,Traditional,ELEM,Elementary,K-6,K-6,C,N,N,No Data,37.241059,-121.82115,Michelle,Tsang,02/09/2023,N
43696256093066,6093066,627810,4219,Active,Santa Clara,Oak Grove Elementary,Parkview Elementary,330 Bluefield Drive,330 Bluefield Dr.,San Jose,95136-2100,CA,330 Bluefield Drive,330 Bluefield Dr.,San Jose,95136-2100,CA,(408) 226-4655,No Data,(408) 224-9105,https://parkview.ogsd.net,07/01/1980,No Data,N,No Data,No Data,52,Elementary School District,60,Elementary Schools (Public),TRAD,Traditional,ELEM,Elementary,K-6,K-6,C,N,N,No Data,37.271595,-121.84578,Stephanie,Park,08/06/2024,N
43696256095400,6095400,627810,4204,Active,Santa Clara,Oak Grove Elementary,Baldwin (Julia) Elementary,280 Martinvale Lane,280 Martinvale Ln.,San Jose,95119-1840,CA,280 Martinvale Lane,280 Martinvale Ln.,San Jose,95119-1840,CA,(408) 226-3370,No Data,(408) 224-8506,https://baldwin.ogsd.net,07/01/1980,No Data,N,No Data,No Data,52,Elementary School District,60,Elementary Schools (Public),TRAD,Traditional,ELEM,Elementary,P-6,K-6,C,N,N,No Data,37.224098,-121.78423,Kristine,Loeper,02/09/2023,N
43696256097430,6097430,627810,4224,Active,Santa Clara,Oak Grove Elementary,Taylor (Bertha) Elementary,410 Sautner Drive,410 Sautner Dr.,San Jose,95123-5252,CA,410 Sautner Drive,410 Sautner Dr.,San Jose,95123-5252,CA,(408) 226-0462,No Data,(408) 224-3279,https://taylor.ogsd.net,07/01/1980,No Data,N,No Data,No Data,52,Elementary School District,60,Elementary Schools (Public),TRAD,Traditional,ELEM,Elementary,K-6,K-6,C,N,N,No Data,37.231017,-121.80809,Jeremia (Mia),Canlas-Cruz,11/13/2024,N
43696256099451,6099451,627810,4215,Active,Santa Clara,Oak Grove Elementary,Hayes Elementary,5035 Poston Drive,5035 Poston Dr.,San Jose,95136-3348,CA,5035 Poston Drive,5035 Poston Dr.,San Jose,95136-3348,CA,(408) 227-0424,No Data,(408) 224-7191,https://hayes.ogsd.net,07/01/1980,No Data,N,No Data,No Data,52,Elementary School District,60,Elementary Schools (Public),TRAD,Traditional,ELEM,Elementary,K-6,K-6,C,N,N,No Data,37.261806,-121.82651,Tracy,Cochran,02/09/2023,N
43696256116081,6116081,627810,8358,Active,Santa Clara,Oak Grove Elementary,Ledesma (Rita) Elementary,1001 Schoolhouse Road,1001 Schoolhouse Rd.,San Jose,95138-1374,CA,1001 Schoolhouse Road,1001 Schoolhouse Rd.,San Jose,95138-1374,CA,(408) 224-2191,No Data,(408) 224-1146,https://ledesma.ogsd.net,08/30/1999,No Data,N,No Data,No Data,52,Elementary School District,60,Elementary Schools (Public),TRAD,Traditional,ELEM,Elementary,K-6,K-6,C,N,N,No Data,37.242642,-121.76267,Jason,Sorich,02/09/2023,N
43696336048185,6048185,628680,4460,Active,Santa Clara,Orchard Elementary,Orchard Elementary,921 Fox Lane,921 Fox Ln.,San Jose,95131-1602,CA,921 Fox Lane,921 Fox Ln.,San Jose,95131-1602,CA,(408) 944-0388,No Data,(408) 944-0394,www.orchardsd.org,07/01/1980,No Data,N,No Data,No Data,52,Elementary School District,61,Elemen Schools In 1 School Dist. (Public),TRAD,Traditional,ELEM,Elementary,K-8,K-8,N,N,N,No Data,37.388461,-121.9002,Kristina,Zeballos,06/18/2024,N
43696414332904,4332904,629610,4587,Active,Santa Clara,Palo Alto Unified,Henry M. Gunn High,780 Arastradero Road,780 Arastradero Rd.,Palo Alto,94306-3827,CA,780 Arastradero Road,780 Arastradero Rd.,Palo Alto,94306-3827,CA,(650) 354-8200,No Data,(650) 493-7801,No Data,07/01/1980,No Data,N,No Data,No Data,54,Unified School District,66,High Schools (Public),TRAD,Traditional,HS,High School,9-12,9-12,N,N,N,No Data,37.399966,-122.13179,Wendy,Stratton,02/09/2023,N
43696414335782,4335782,629610,4596,Active,Santa Clara,Palo Alto Unified,Palo Alto High,50 Embarcadero Road,50 Embarcadero Rd.,Palo Alto,94301-2321,CA,50 Embarcadero Road,50 Embarcadero Rd.,Palo Alto,94301-2321,CA,(650) 329-3701,No Data,(650) 329-3753,No Data,07/01/1980,No Data,N,No Data,No Data,54,Unified School District,66,High Schools (Public),TRAD,Traditional,HS,High School,9-12,9-12,N,N,N,No Data,37.437857,-122.15779,Brent,Kline,02/09/2023,N
43696416048193,6048193,629610,4579,Active,Santa Clara,Palo Alto Unified,Addison Elementary,650 Addison Avenue,650 Addison Ave.,Palo Alto,94301-3206,CA,650 Addison Avenue,650 Addison Ave.,Palo Alto,94301-3206,CA,(650) 322-5935,No Data,(650) 322-3306,No Data,07/01/1980,No Data,N,No Data,No Data,54,Unified School District,60,Elementary Schools (Public),TRAD,Traditional,ELEM,Elementary,K-5,K-5,N,N,N,No Data,37.446187,-122.15111,Jeffrey,Downing,02/09/2023,N
43696416048201,6048201,629610,4581,Active,Santa Clara,Palo Alto Unified,Herbert Hoover Elementary,445 East Charleston Road,445 East Charleston Rd.,Palo Alto,94306-4236,CA,445 East Charleston Road,445 East Charleston Rd.,Palo Alto,94306-4236,CA,(650) 320-8106,No Data,(650) 493-8130,No Data,07/01/1980,No Data,N,No Data,No Data,54,Unified School District,60,Elementary Schools (Public),TRAD,Traditional,ELEM,Elementary,K-5,K-5,N,N,N,No Data,37.418279,-122.11344,Nikole,Manou,07/28/2023,N
43696416048235,6048235,629610,4583,Active,Santa Clara,Palo Alto Unified,El Carmelo Elementary,3024 Bryant Street,3024 Bryant St.,Palo Alto,94306-2335,CA,3024 Bryant Street,3024 Bryant St.,Palo Alto,94306-2335,CA,(650) 856-0960,No Data,(650) 856-4817,No Data,07/01/1980,No Data,N,No Data,No Data,54,Unified School District,60,Elementary Schools (Public),TRAD,Traditional,ELEM,Elementary,K-5,K-5,N,N,N,No Data,37.425802,-122.13034,Leonel,Argumedo,07/28/2023,N
43696416048243,6048243,629610,4592,Active,Santa Clara,Palo Alto Unified,Ohlone Elementary,950 Amarillo Avenue,950 Amarillo Ave.,Palo Alto,94303-3701,CA,950 Amarillo Avenue,950 Amarillo Ave.,Palo Alto,94303-3701,CA,(650) 856-1726,No Data,(650) 852-9447,No Data,07/01/1980,No Data,N,No Data,No Data,54,Unified School District,60,Elementary Schools (Public),TRAD,Traditional,ELEM,Elementary,K-5,K-5,N,N,N,No Data,37.439596,-122.12383,Elsa,Chen,02/09/2023,N
43696416048268,6048268,629610,4585,Active,Santa Clara,Palo Alto Unified,Fairmeadow Elementary,500 East Meadow Drive,500 East Meadow Dr.,Palo Alto,94306-3624,CA,500 East Meadow Drive,500 East Meadow Dr.,Palo Alto,94306-3624,CA,(650) 856-0845,No Data,(650) 852-9436,No Data,07/01/1980,No Data,N,No Data,No Data,54,Unified School District,60,Elementary Schools (Public),TRAD,Traditional,ELEM,Elementary,K-5,K-5,N,N,N,No Data,37.422224,-122.11843,Trebor,Winslow,08/19/2024,N
43696416048292,6048292,629610,4586,Active,Santa Clara,Palo Alto Unified,Duveneck Elementary,705 Alester Avenue,705 Alester Ave.,Palo Alto,94303-2859,CA,705 Alester Avenue,705 Alester Ave.,Palo Alto,94303-2859,CA,(650) 322-5946,No Data,(650) 322-4387,No Data,07/01/1980,No Data,N,No Data,No Data,54,Unified School District,60,Elementary Schools (Public),TRAD,Traditional,ELEM,Elementary,K-5,K-5,N,N,N,No Data,37.449945,-122.13482,Brittany,Gardner,07/28/2023,N
43696416048300,6048300,629610,7797,Active,Santa Clara,Palo Alto Unified,Greendell,4120 Middlefield Road,4120 Middlefield Rd.,Palo Alto,94303-4741,CA,4120 Middlefield Road,4120 Middlefield Rd.,Palo Alto,94303-4741,CA,(650) 856-0833,No Data,(650) 493-8371,No Data,09/03/1997,No Data,N,No Data,No Data,54,Unified School District,60,Elementary Schools (Public),TRAD,Traditional,ELEM,Elementary,P-K,K,N,N,N,No Data,37.417325,-122.10565,Judy,Argumedo,08/04/2025,N
43696416048326,6048326,629610,4591,Active,Santa Clara,Palo Alto Unified,Juana Briones Elementary,4100 Orme Street,4100 Orme St.,Palo Alto,94306-3106,CA,4100 Orme Street,4100 Orme St.,Palo Alto,94306-3106,CA,(650) 856-0877,No Data,(650) 856-3750,No Data,07/01/1980,No Data,N,No Data,No Data,54,Unified School District,60,Elementary Schools (Public),TRAD,Traditional,ELEM,Elementary,K-5,K-5,N,N,N,No Data,37.408634,-122.1319,Kathryn,Bimpson,02/09/2023,N
43696416048359,6048359,629610,4597,Active,Santa Clara,Palo Alto Unified,Palo Verde Elementary,3450 Louis Road,3450 Louis Rd.,Palo Alto,94303-4403,CA,3450 Louis Road,3450 Louis Rd.,Palo Alto,94303-4403,CA,(650) 856-1672,No Data,(650) 856-6316,No Data,07/01/1980,No Data,N,No Data,No Data,54,Unified School District,60,Elementary Schools (Public),TRAD,Traditional,ELEM,Elementary,K-5,K-5,N,N,N,No Data,37.431406,-122.11369,Annora,Lee,02/09/2023,N
43696416048375,6048375,629610,7813,Active,Santa Clara,Palo Alto Unified,Packard Children's Hospital/Stanford,725 Welch Road,725 Welch Rd.,Palo Alto,94304-1601,CA,725 Welch Road,725 Welch Rd.,Palo Alto,94304-1601,CA,(650) 497-8230,No Data,No Data,No Data,07/01/1980,No Data,N,No Data,No Data,54,Unified School District,65,K-12 Schools (Public),HOMHOS,Home and Hospital,ELEMHIGH,Elementary-High Combination,K-12,K-11,N,N,N,No Data,37.437362,-122.17484,Yolanda,Conaway,08/05/2025,N
43696416048409,6048409,629610,4588,Active,Santa Clara,Palo Alto Unified,Walter Hays Elementary,1525 Middlefield Road,1525 Middlefield Rd.,Palo Alto,94301-3353,CA,1525 Middlefield Road,1525 Middlefield Rd.,Palo Alto,94301-3353,CA,(650) 322-5956,No Data,(650) 329-8713,No Data,07/01/1980,No Data,N,No Data,No Data,54,Unified School District,60,Elementary Schools (Public),TRAD,Traditional,ELEM,Elementary,K-5,K-5,N,N,N,No Data,37.4424,-122.14356,Iris,Wong,08/19/2024,N
43696416060065,6060065,629610,10323,Active,Santa Clara,Palo Alto Unified,Frank S. Greene Jr. Middle,750 North California Avenue,750 North California Ave.,Palo Alto,94303-3629,CA,750 North California Avenue,750 North California Ave.,Palo Alto,94303-3629,CA,(408) 494-8120,No Data,(650) 858-1310,No Data,09/03/1991,No Data,N,No Data,No Data,54,Unified School District,62,Intermediate/Middle Schools (Public),TRAD,Traditional,INTMIDJR,Intermediate/Middle/Junior High,6-8,6-8,N,N,N,No Data,37.439277,-122.13483,Courtney,Carlomagno,08/19/2024,N
43696416060081,6060081,629610,4598,Active,Santa Clara,Palo Alto Unified,Jane Lathrop Stanford Middle,480 East Meadow Drive,480 East Meadow Dr.,Palo Alto,94306-3699,CA,480 East Meadow Drive,480 East Meadow Dr.,Palo Alto,94306-3699,CA,(650) 856-5188,No Data,(650) 856-3248,No Data,07/01/1980,No Data,N,No Data,No Data,54,Unified School District,62,Intermediate/Middle Schools (Public),TRAD,Traditional,INTMIDJR,Intermediate/Middle/Junior High,6-8,6-8,N,N,N,No Data,37.422025,-122.11881,Chris,Grierson,02/09/2023,N
43696416115562,6115562,629610,7802,Active,Santa Clara,Palo Alto Unified,Barron Park Elementary,800 Barron Avenue,800 Barron Ave.,Palo Alto,94306-2610,CA,800 Barron Avenue,800 Barron Ave.,Palo Alto,94306-2610,CA,(650) 858-0508,No Data,(650) 813-1031,No Data,09/08/1998,No Data,N,No Data,No Data,54,Unified School District,60,Elementary Schools (Public),TRAD,Traditional,ELEM,Elementary,K-5,K-5,N,N,N,No Data,37.412612,-122.13642,Claudia,Corpus,08/04/2025,N
43696416118707,6118707,629610,11454,Active,Santa Clara,Palo Alto Unified,Ellen Fletcher Middle,655 Arastradero Road,655 Arastradero Rd.,Palo Alto,94306-3838,CA,655 Arastradero Road,655 Arastradero Rd.,Palo Alto,94306-3838,CA,(650) 856-9810,No Data,(650) 856-9878,No Data,08/28/2001,No Data,N,No Data,No Data,54,Unified School District,62,Intermediate/Middle Schools (Public),TRAD,Traditional,INTMIDJR,Intermediate/Middle/Junior High,6-8,6-8,N,N,N,No Data,37.404638,-122.12726,Melissa,Howell,02/09/2023,N
43696664330080,4330080,634590,5716,Active,Santa Clara,San Jose Unified,Gunderson High,620 Gaundabert Lane,620 Gaundabert Ln.,San Jose,95136-2830,CA,622 Gaundabert Lane,622 Gaundabert Ln.,San Jose,95136,CA,(408) 535-6340,No Data,(408) 224-2209,No Data,07/01/1980,No Data,N,No Data,No Data,54,Unified School District,66,High Schools (Public),TRAD,Traditional,HS,High School,9-12,9-12,C,N,N,No Data,37.258238,-121.85269,Anisha,Dalal,02/09/2023,N
43696664333522,4333522,634590,5725,Active,Santa Clara,San Jose Unified,Leland High,6677 Camden Avenue,6677 Camden Ave.,San Jose,95120-2142,CA,6677 Camden Avenue,6677 Camden Ave.,San Jose,95120-2142,CA,(408) 535-6290,No Data,(408) 927-6448,No Data,07/01/1980,No Data,N,No Data,No Data,54,Unified School District,66,High Schools (Public),TRAD,Traditional,HS,High School,9-12,9-12,C,N,N,No Data,37.220338,-121.84737,Harveen,Bal,04/04/2024,N
43696664333795,4333795,634590,5696,Active,Santa Clara,San Jose Unified,Abraham Lincoln High,555 Dana Avenue,555 Dana Ave.,San Jose,95126-2002,CA,123 Test St,123 Test St,Testville,98798,CA,(408) 535-6300,No Data,(408) 535-2352,No Data,07/01/1980,No Data,N,No Data,No Data,54,Unified School District,66,High Schools (Public),TRAD,Traditional,HS,High School,9-12,9-12,C,N,N,No Data,37.329212,-121.92388,Joe,Heffernan,09/02/2022,Y
43696664335949,4335949,634590,5732,Active,Santa Clara,San Jose Unified,Pioneer High,1290 Blossom Hill Road,1290 Blossom Hill Rd.,San Jose,95118-3126,CA,1290 Blossom Hill Road,1290 Blossom Hill Rd.,San Jose,95118-3126,CA,(408) 535-6310,No Data,(408) 535-2357,No Data,07/01/1980,No Data,N,No Data,No Data,54,Unified School District,66,High Schools (Public),TRAD,Traditional,HS,High School,9-12,9-12,C,N,N,No Data,37.247184,-121.88445,Brad,Craycroft,02/09/2023,N
43696664337200,4337200,634590,5736,Active,Santa Clara,San Jose Unified,San Jose High,275 North 24th Street,275 North 24th St.,San Jose,95116-1143,CA,275 North 24th Street,275 North 24th St.,San Jose,95116-1143,CA,(408) 535-6320,No Data,(408) 535-2355,No Data,07/01/1980,No Data,N,No Data,No Data,54,Unified School District,66,High Schools (Public),TRAD,Traditional,HS,High School,9-12,9-12,C,N,N,No Data,37.350457,-121.87122,Jeannette,Harding,02/09/2023,N
43696664338950,4338950,634590,5746,Active,Santa Clara,San Jose Unified,Willow Glen High,2001 Cottle Avenue,2001 Cottle Ave.,San Jose,95125-3502,CA,2001 Cottle Avenue,2001 Cottle Ave.,San Jose,95125-3502,CA,(408) 535-6330,No Data,(408) 535-2353,No Data,07/01/1980,No Data,N,No Data,No Data,54,Unified School District,66,High Schools (Public),TRAD,Traditional,HS,High School,9-12,9-12,C,N,N,No Data,37.291588,-121.8964,Amy,Hanna,02/09/2023,N
43696666048417,6048417,634590,5697,Active,Santa Clara,San Jose Unified,Allen at Steinbeck,820 Steinbeck Drive,820 Steinbeck Dr.,San Jose,95123-2634,CA,820 Steinbeck Drive,820 Steinbeck Dr.,San Jose,95123-2634,CA,(408) 535-6205,No Data,(408) 535-2329,No Data,07/01/1980,No Data,N,No Data,No Data,54,Unified School District,60,Elementary Schools (Public),TRAD,Traditional,ELEM,Elementary,K-5,K-5,C,Y,N,No Data,37.247281,-121.85641,Kristina,Chmelka,02/09/2023,N
43696666048425,6048425,634590,5698,Active,Santa Clara,San Jose Unified,Almaden Elementary,1295 Dentwood Drive,1295 Dentwood Dr.,San Jose,95118-3018,CA,1295 Dentwood Drive,1295 Dentwood Dr.,San Jose,95118-3018,CA,(408) 535-6207,No Data,(408) 535-2328,No Data,07/01/1980,No Data,N,No Data,No Data,54,Unified School District,60,Elementary Schools (Public),TRAD,Traditional,ELEM,Elementary,K-5,K-5,C,N,N,No Data,37.250931,-121.88411,Lisa,Montes,02/13/2019,Y
43696666048433,6048433,634590,5699,Active,Santa Clara,San Jose Unified,Anne Darling Elementary,333 North 33rd Street,333 North 33rd St.,San Jose,95133-1634,CA,333 North 33rd Street,333 North 33rd St.,San Jose,95133-1634,CA,(408) 535-6209,No Data,(408) 535-6334,No Data,07/01/1980,No Data,N,No Data,No Data,54,Unified School District,60,Elementary Schools (Public),TRAD,Traditional,ELEM,Elementary,K-5,K-5,C,N,N,No Data,37.356596,-121.86446,Samantha,Araiza,05/23/2025,N
43696666048474,6048474,634590,5702,Active,Santa Clara,San Jose Unified,Booksin Elementary,1590 Dry Creek Road,1590 Dry Creek Rd.,San Jose,95125-4618,CA,1590 Dry Creek Road,1590 Dry Creek Rd.,San Jose,95125-4618,CA,(408) 535-6213,No Data,(408) 448-2507,No Data,07/01/1980,No Data,N,No Data,No Data,54,Unified School District,60,Elementary Schools (Public),TRAD,Traditional,ELEM,Elementary,K-5,K-5,C,N,N,No Data,37.288713,-121.90714,Felicia,Tan,02/09/2023,N
43696666048490,6048490,634590,8634,Active,Santa Clara,San Jose Unified,Canoas Elementary,880 Wren Drive,880 Wren Dr.,San Jose,95125-2950,CA,880 Wren Drive,880 Wren Dr.,San Jose,95125-2950,CA,(408) 535-6391,No Data,(408) 265-4126,www.sjusd.k12.ca.us,07/01/2000,No Data,N,No Data,No Data,54,Unified School District,60,Elementary Schools (Public),TRAD,Traditional,ELEM,Elementary,K-5,K-5,C,N,N,No Data,37.284721,-121.87654,Allison,Pruitt,02/09/2023,N
43696666048516,6048516,634590,5711,Active,Santa Clara,San Jose Unified,Empire Gardens Elementary,1060 East Empire Street,1060 East Empire St.,San Jose,95112-1715,CA,1060 East Empire Street,1060 East Empire St.,San Jose,95112-1715,CA,(408) 535-6221,No Data,(408) 297-6914,No Data,07/01/1980,No Data,N,No Data,No Data,54,Unified School District,60,Elementary Schools (Public),TRAD,Traditional,ELEM,Elementary,K-5,K-5,C,N,N,No Data,37.354642,-121.87616,Christina,Silvas Centeno,02/09/2023,N
43696666048532,6048532,634590,5713,Active,Santa Clara,San Jose Unified,Gardner Elementary,502 Illinois Avenue,502 Illinois Ave.,San Jose,95125-1534,CA,502 Illinois Avenue,502 Illinois Ave.,San Jose,95125-1534,CA,(408) 535-6225,No Data,(408) 535-2358,No Data,07/01/1980,No Data,N,No Data,No Data,54,Unified School District,60,Elementary Schools (Public),TRAD,Traditional,ELEM,Elementary,K-5,K-5,C,N,N,No Data,37.321387,-121.89641,Veronica,Lara,04/04/2024,Y
43696666048540,6048540,634590,5714,Active,Santa Clara,San Jose Unified,Grant Elementary,470 East Jackson Street,470 East Jackson St.,San Jose,95112-3211,CA,470 East Jackson Street,470 East Jackson St.,San Jose,95112-3211,CA,(408) 535-6227,No Data,(408) 535-6061,No Data,07/01/1980,No Data,N,No Data,No Data,54,Unified School District,60,Elementary Schools (Public),TRAD,Traditional,ELEM,Elementary,K-5,K-5,C,N,N,No Data,37.351639,-121.88858,Jessica,Sun-Gonzalez,05/23/2025,N
43696666048565,6048565,634590,7429,Active,Santa Clara,San Jose Unified,Hammer Montessori at Galarza Elementary,1610 Bird Avenue,1610 Bird Ave.,San Jose,95125-1821,CA,1610 Bird Avenue,1610 Bird Ave.,San Jose,95125-1821,CA,(408) 535-6671,No Data,No Data,http://hammer.ca.campusgrid.net/home,09/02/1997,No Data,N,No Data,No Data,54,Unified School District,60,Elementary Schools (Public),TRAD,Traditional,ELEM,Elementary,K-5,K-5,C,Y,N,No Data,37.303525,-121.88686,Stephen,Bingham,02/09/2023,N
43696666048599,6048599,634590,5722,Active,Santa Clara,San Jose Unified,Horace Mann Elementary,55 North Seventh Street,55 North Seventh St.,San Jose,95112-5429,CA,55 North Seventh Street,55 North Seventh St.,San Jose,95112-5429,CA,(408) 535-6237,No Data,(408) 535-2315,No Data,07/01/1980,No Data,N,No Data,No Data,54,Unified School District,60,Elementary Schools (Public),TRAD,Traditional,ELEM,Elementary,K-5,K-5,C,N,N,No Data,37.33998,-121.88486,Art,Gonzalez,09/02/2022,Y
43696666048649,6048649,634590,5728,Active,Santa Clara,San Jose Unified,Lowell Elementary,625 South Seventh Street,625 South Seventh St.,San Jose,95112-3829,CA,625 South Seventh Street,625 South Seventh St.,San Jose,95112-3829,CA,(408) 535-6243,No Data,(408) 298-3708,No Data,07/01/1980,No Data,N,No Data,No Data,54,Unified School District,60,Elementary Schools (Public),TRAD,Traditional,ELEM,Elementary,K-5,K-5,C,N,N,No Data,37.329688,-121.87718,Katherine,Powell,05/23/2025,N
43696666048656,6048656,634590,5741,Active,Santa Clara,San Jose Unified,Merritt Trace Elementary,651 Dana Avenue,651 Dana Ave.,San Jose,95126-2003,CA,651 Dana Avenue,651 Dana Ave.,San Jose,95126-2003,CA,(408) 535-6257,No Data,(408) 535-6358,No Data,07/01/1980,No Data,N,No Data,No Data,54,Unified School District,60,Elementary Schools (Public),TRAD,Traditional,ELEM,Elementary,K-5,K-5,C,N,N,No Data,37.330909,-121.9258,Karina,Alvarez,09/02/2022,Y
43696666048664,6048664,634590,5734,Active,Santa Clara,San Jose Unified,Reed Elementary,1524 Jacob Avenue,1524 Jacob Ave.,San Jose,95118-1613,CA,1524 Jacob Avenue,1524 Jacob Ave.,San Jose,95118-1613,CA,(408) 535-6247,No Data,(408) 978-0842,No Data,07/01/1980,No Data,N,No Data,No Data,54,Unified School District,60,Elementary Schools (Public),TRAD,Traditional,ELEM,Elementary,K-5,K-5,C,N,N,No Data,37.264637,-121.89461,Jen,Ponzio,04/05/2024,N
43696666048672,6048672,634590,4084,Active,Santa Clara,San Jose Unified,River Glen,1088 Broadway,1088 Broadway,San Jose,95125-2232,CA,1088 Broadway,1088 Broadway,San Jose,95125-2232,CA,(408) 535-6240,No Data,(408) 298-8377,No Data,07/01/1980,No Data,N,No Data,No Data,54,Unified School District,60,Elementary Schools (Public),TRAD,Traditional,ELEM,Elementary,K-8,K-8,C,Y,N,No Data,37.312129,-121.89924,Zoila,Esquivel Moreno,09/09/2020,Y
43696666048680,6048680,634590,5737,Active,Santa Clara,San Jose Unified,Schallenberger Elementary,1280 Koch Lane,1280 Koch Ln.,San Jose,95125-4199,CA,1280 Koch Lane,1280 Koch Ln.,San Jose,95125-4199,CA,(408) 535-6253,No Data,(408) 445-9638,No Data,07/01/1980,No Data,N,No Data,No Data,54,Unified School District,60,Elementary Schools (Public),TRAD,Traditional,ELEM,Elementary,K-5,K-5,C,N,N,No Data,37.280808,-121.88786,Ryan,Chamberlin,02/09/2023,N
43696666048698,6048698,634590,5730,Active,Santa Clara,San Jose Unified,Selma Olinder Elementary,890 East William,890 East William,San Jose,95116-3102,CA,890 East William,890 East William,San Jose,95116-3102,CA,(408) 535-6245,No Data,(408) 535-2313,No Data,07/01/1980,No Data,N,No Data,No Data,54,Unified School District,60,Elementary Schools (Public),TRAD,Traditional,ELEM,Elementary,K-5,K-5,C,N,N,No Data,37.33834,-121.86659,Nelly,Aguirre,09/02/2022,Y
43696666048706,6048706,634590,5738,Active,Santa Clara,San Jose Unified,Simonds Elementary,6515 Grapevine Way,6515 Grapevine Way,San Jose,95120-4020,CA,6515 Grapevine Way,6515 Grapevine Way,San Jose,95120-4020,CA,(408) 535-6251,No Data,(408) 268-6868,No Data,07/01/1980,No Data,N,No Data,No Data,54,Unified School District,60,Elementary Schools (Public),TRAD,Traditional,ELEM,Elementary,K-5,K-5,C,N,N,No Data,37.220493,-121.8684,Danielle,Metz,02/09/2023,N
43696666048714,6048714,634590,5740,Active,Santa Clara,San Jose Unified,Terrell Elementary,3925 Pearl Avenue,3925 Pearl Ave.,San Jose,95136-1531,CA,3925 Pearl Avenue,3925 Pearl Ave.,San Jose,95136-1531,CA,(408) 535-6255,No Data,(408) 265-2917,No Data,07/01/1980,No Data,N,No Data,No Data,54,Unified School District,60,Elementary Schools (Public),TRAD,Traditional,ELEM,Elementary,K-5,K-5,C,N,N,No Data,37.270841,-121.86841,Jeanne-Marie,Miller,04/05/2024,N
43696666048722,6048722,634590,5742,Active,Santa Clara,San Jose Unified,Hacienda Science/Environmental Magnet,1290 Kimberly Drive,1290 Kimberly Dr.,San Jose,95118-1536,CA,1290 Kimberly Drive,1290 Kimberly Dr.,San Jose,95118-1536,CA,(408) 535-6259,No Data,(408) 723-8225,No Data,07/01/1980,No Data,N,No Data,No Data,54,Unified School District,60,Elementary Schools (Public),TRAD,Traditional,ELEM,Elementary,K-5,K-5,C,Y,N,No Data,37.26967,-121.8839,Todd,Weber,06/23/2023,N
43696666048730,6048730,634590,5700,Active,Santa Clara,San Jose Unified,Walter L. Bachrodt Elementary,102 Sonora Avenue,102 Sonora Ave.,San Jose,95110-1457,CA,102 Sonora Avenue,102 Sonora Ave.,San Jose,95110-1457,CA,(408) 535-6211,No Data,(408) 535-6588,No Data,07/01/1980,No Data,N,No Data,No Data,54,Unified School District,60,Elementary Schools (Public),TRAD,Traditional,ELEM,Elementary,K-5,K-5,C,N,N,No Data,37.363361,-121.91285,Tina,Ybarra,04/05/2024,Y
43696666048748,6048748,634590,5743,Active,Santa Clara,San Jose Unified,Washington Elementary,100 Oak Street,100 Oak St.,San Jose,95110-2817,CA,100 Oak Street,100 Oak St.,San Jose,95110-2817,CA,(408) 535-6261,No Data,(408) 535-2369,No Data,07/01/1980,No Data,N,No Data,No Data,54,Unified School District,60,Elementary Schools (Public),TRAD,Traditional,ELEM,Elementary,K-5,K-5,C,N,N,No Data,37.321793,-121.88158,Maricela,Alcala Franco,02/13/2019,Y
43696666048755,6048755,634590,1538,Active,Santa Clara,San Jose Unified,Williams Elementary,1150 Rajkovich Way,1150 Rajkovich Way,San Jose,95120-3145,CA,1150 Rajkovich Way,1150 Rajkovich Way,San Jose,95120-3145,CA,(408) 535-6196,No Data,(408) 535-6525,No Data,09/08/1992,No Data,N,No Data,No Data,54,Unified School District,60,Elementary Schools (Public),TRAD,Traditional,ELEM,Elementary,K-5,K-5,C,N,N,No Data,37.208223,-121.85092,Devin,Blizzard,02/09/2023,N
43696666048763,6048763,634590,5745,Active,Santa Clara,San Jose Unified,Willow Glen Elementary,1425 Lincoln Avenue,1425 Lincoln Ave.,San Jose,95125-3398,CA,1425 Lincoln Avenue,1425 Lincoln Ave.,San Jose,95125-3398,CA,(408) 535-6265,No Data,(408) 535-6535,No Data,07/01/1980,No Data,N,No Data,No Data,54,Unified School District,60,Elementary Schools (Public),TRAD,Traditional,ELEM,Elementary,K-5,K-5,C,N,N,No Data,37.30321,-121.89687,Kelli,Knapp Rahn,02/13/2019,Y
43696666060099,6060099,634590,5703,Active,Santa Clara,San Jose Unified,Bret Harte Middle,7050 Bret Harte Drive,7050 Bret Harte Dr.,San Jose,95120-3205,CA,7050 Bret Harte Drive,7050 Bret Harte Dr.,San Jose,95120-3205,CA,(408) 535-6270,No Data,(408) 927-0698,No Data,07/01/1980,No Data,N,No Data,No Data,54,Unified School District,62,Intermediate/Middle Schools (Public),TRAD,Traditional,INTMIDJR,Intermediate/Middle/Junior High,6-8,6-8,C,N,N,No Data,37.209431,-121.83816,George,Vuong,02/09/2023,N
43696666060107,6060107,634590,5710,Active,Santa Clara,San Jose Unified,Willow Glen Middle,2105 Cottle Avenue,2105 Cottle Ave.,San Jose,95125-3504,CA,2105 Cottle Avenue,2105 Cottle Ave.,San Jose,95125-3504,CA,(408) 535-6277,No Data,(408) 264-5512,No Data,07/01/1980,No Data,N,No Data,No Data,54,Unified School District,62,Intermediate/Middle Schools (Public),TRAD,Traditional,INTMIDJR,Intermediate/Middle/Junior High,6-8,6-8,C,N,N,No Data,37.291174,-121.89613,Lindsey,Beall,09/02/2022,Y
43696666060115,6060115,634590,5723,Active,Santa Clara,San Jose Unified,John Muir Middle,1260 Branham Lane,1260 Branham Ln.,San Jose,95118-3703,CA,1260 Branham Lane,1260 Branham Ln.,San Jose,95118-3703,CA,(408) 535-6281,No Data,(408) 535-2319,No Data,07/01/1980,No Data,N,No Data,No Data,54,Unified School District,62,Intermediate/Middle Schools (Public),TRAD,Traditional,INTMIDJR,Intermediate/Middle/Junior High,6-8,6-8,C,N,N,No Data,37.261393,-121.88237,Celeste,Bates,04/04/2024,N
43696666062103,6062103,634590,5731,Active,Santa Clara,San Jose Unified,Muwekma Ohlone Middle,850 North Second Street,850 North Second St.,San Jose,95112-6317,CA,850 North Second Street,850 North Second St.,San Jose,95112-6317,CA,(408) 535-6267,No Data,(408) 298-1675,No Data,07/01/1980,No Data,N,No Data,No Data,54,Unified School District,62,Intermediate/Middle Schools (Public),TRAD,Traditional,INTMIDJR,Intermediate/Middle/Junior High,6-8,6-8,C,N,N,No Data,37.35284,-121.90149,Vanessa,Dean,04/05/2024,N
43696666062111,6062111,634590,5720,Active,Santa Clara,San Jose Unified,Herbert Hoover Middle,1635 Park Avenue,1635 Park Ave.,San Jose,95126-2123,CA,1635 Park Avenue,1635 Park Ave.,San Jose,95126-2123,CA,(408) 535-6274,No Data,(408) 286-4864,No Data,07/01/1980,No Data,N,No Data,No Data,54,Unified School District,62,Intermediate/Middle Schools (Public),TRAD,Traditional,INTMIDJR,Intermediate/Middle/Junior High,6-8,6-8,C,N,N,No Data,37.332437,-121.92231,Andrew,Anstead,09/02/2022,Y
43696666093074,6093074,634590,5727,Active,Santa Clara,San Jose Unified,Los Alamitos Elementary,6130 Silberman Avenue,6130 Silberman Ave.,San Jose,95120-3931,CA,6130 Silberman Drive,6130 Silberman Dr.,San Jose,95120,CA,(408) 535-6297,No Data,No Data,No Data,07/01/1980,No Data,N,No Data,No Data,54,Unified School District,60,Elementary Schools (Public),TRAD,Traditional,ELEM,Elementary,K-5,K-5,C,N,N,No Data,37.22786,-121.88099,Thomas,Rousseau,02/09/2023,N
43696666093082,6093082,634590,5715,Active,Santa Clara,San Jose Unified,Graystone Elementary,6982 Shearwater Drive,6982 Shearwater Dr.,San Jose,95120-2123,CA,6982 Shearwater Drive,6982 Shearwater Dr.,San Jose,95120-2123,CA,(408) 535-6317,No Data,(408) 323-1034,No Data,07/01/1980,No Data,N,No Data,No Data,54,Unified School District,60,Elementary Schools (Public),TRAD,Traditional,ELEM,Elementary,K-5,K-5,C,N,N,No Data,37.210665,-121.83774,Anthony,Roe,02/09/2023,N
43696666093090,6093090,634590,5706,Active,Santa Clara,San Jose Unified,Rachel Carson Elementary,4245 Meg Drive,4245 Meg Dr.,San Jose,95136-1959,CA,4245 Meg Drive,4245 Meg Dr.,San Jose,95136-1959,CA,(408) 535-6287,No Data,(408) 264-6743,No Data,07/01/1980,No Data,N,No Data,No Data,54,Unified School District,60,Elementary Schools (Public),TRAD,Traditional,ELEM,Elementary,K-5,K-5,C,N,N,No Data,37.270482,-121.85548,Matt,Wheeler,02/09/2023,N
43696666095418,6095418,634590,5707,Active,Santa Clara,San Jose Unified,Castillero Middle,6384 Leyland Park Drive,6384 Leyland Park Dr.,San Jose,95120-4516,CA,6384 Leyland Park Drive,6384 Leyland Park Dr.,San Jose,95120-4516,CA,(408) 535-6385,No Data,(408) 268-4489,No Data,07/01/1980,No Data,N,No Data,No Data,54,Unified School District,62,Intermediate/Middle Schools (Public),TRAD,Traditional,INTMIDJR,Intermediate/Middle/Junior High,6-8,6-8,C,N,N,No Data,37.221497,-121.88191,Crystal,Campbell,02/09/2023,N
43696666119010,6119010,634590,10411,Active,Santa Clara,San Jose Unified,Ernesto Galarza Elementary,1610 Bird Avenue,1610 Bird Ave.,San Jose,95125-1821,CA,1610 Bird Avenue,1610 Bird Ave.,San Jose,95125-1821,CA,(408) 535-6671,No Data,No Data,www.sjusd.k12.ca.us,07/01/2001,No Data,N,No Data,No Data,54,Unified School District,60,Elementary Schools (Public),TRAD,Traditional,ELEM,Elementary,K-5,K-5,C,N,N,No Data,37.303525,-121.88686,Elizabeth,Brush,04/04/2024,N
43696740140475,0140475,635430,14546,Active,Santa Clara,Santa Clara Unified,Abram Agnew Elementary,3534 Zanker Road,3534 Zanker Rd.,San Jose,95134,CA,3534 Zanker Road,3534 Zanker Rd.,San Jose,95134,CA,(408) 669-4100,No Data,No Data,http://agnew.santaclarausd.org,08/12/2021,No Data,N,No Data,No Data,54,Unified School District,60,Elementary Schools (Public),TRAD,Traditional,ELEM,Elementary,P-5,K-5,N,N,N,No Data,37.40643,-121.93425,Joe,Young,08/18/2025,N
43696740140483,0140483,635430,14549,Active,Santa Clara,Santa Clara Unified,Dolores Huerta Middle,3556 Zanker Road,3556 Zanker Rd.,San Jose,95134,CA,3556 Zanker Road,3556 Zanker Rd.,San Jose,95134,CA,(408) 423-2000,No Data,No Data,http://huerta.santaclarausd.org,08/12/2021,No Data,N,No Data,No Data,54,Unified School District,62,Intermediate/Middle Schools (Public),TRAD,Traditional,INTMIDJR,Intermediate/Middle/Junior High,6-8,6-8,N,N,N,No Data,37.406908,-121.93501,Dawnel,Sonntag,08/15/2023,N
43696740141283,0141283,635430,14618,Active,Santa Clara,Santa Clara Unified,Kathleen MacDonald High,3588 Zanker Road,3588 Zanker Rd.,San Jose,95134,CA,3588 Zanker Road,3588 Zanker Rd.,San Jose,95134,CA,(669) 369-4400,No Data,No Data,http://macdonald.santaclarausd.org,07/11/2022,No Data,N,No Data,No Data,54,Unified School District,66,High Schools (Public),TRAD,Traditional,HS,High School,9-12,9-12,N,N,N,No Data,37.408099,-121.93356,Vivian,Rhone-Lay,08/15/2023,N
43697086049316,6049316,640320,6669,Active,Santa Clara,Union Elementary,Carlton Elementary,2421 Carlton Avenue,2421 Carlton Ave.,San Jose,95124-4949,CA,2421 Carlton Avenue,2421 Carlton Ave.,San Jose,95124-4949,CA,(408) 356-1141,No Data,(408) 356-5993,https://carlton.unionsd.org/,07/01/1980,No Data,N,No Data,No Data,52,Elementary School District,60,Elementary Schools (Public),TRAD,Traditional,ELEM,Elementary,K-5,K-5,N,N,N,No Data,37.247604,-121.9459,Alex,Chapman,05/23/2025,N
43697086049332,6049332,640320,6671,Active,Santa Clara,Union Elementary,Dartmouth Middle,5575 Dartmouth Drive,5575 Dartmouth Dr.,San Jose,95118-3332,CA,5575 Dartmouth Drive,5575 Dartmouth Dr.,San Jose,95118-3332,CA,(408) 264-1122,No Data,(408) 264-9332,https://dartmouth.unionsd.org/,07/01/1980,No Data,N,No Data,No Data,52,Elementary School District,62,Intermediate/Middle Schools (Public),TRAD,Traditional,INTMIDJR,Intermediate/Middle/Junior High,6-8,6-8,N,N,N,No Data,37.239598,-121.89671,Scott,Boggs,05/23/2025,N
43697086049357,6049357,640320,6672,Active,Santa Clara,Union Elementary,Guadalupe Elementary,6044 Vera Cruz Drive,6044 Vera Cruz Dr.,San Jose,95120-4863,CA,6044 Vera Cruz Drive,6044 Vera Cruz Dr.,San Jose,95120-4863,CA,(408) 268-1030,No Data,(408) 268-6914,https://guadalupe.unionsd.org/,07/01/1980,No Data,N,No Data,No Data,52,Elementary School District,60,Elementary Schools (Public),TRAD,Traditional,ELEM,Elementary,K-5,K-5,N,N,N,No Data,37.228769,-121.89693,Daisy,Barocio,05/23/2025,N
43697086049373,6049373,640320,6674,Active,Santa Clara,Union Elementary,Lietz Elementary,5300 Carter Avenue,5300 Carter Ave.,San Jose,95118-2813,CA,5300 Carter Avenue,5300 Carter Ave.,San Jose,95118-2813,CA,(408) 264-8314,No Data,(408) 264-9615,https://lietz.unionsd.org/,07/01/1980,No Data,N,No Data,No Data,52,Elementary School District,60,Elementary Schools (Public),TRAD,Traditional,ELEM,Elementary,K-5,K-5,N,N,N,No Data,37.243765,-121.90302,Crista,Leamons,08/20/2024,N
43697086049407,6049407,640320,6677,Active,Santa Clara,Union Elementary,Noddin Elementary,1755 Gilda Way,1755 Gilda Way,San Jose,95124-6207,CA,1755 Gilda Way,1755 Gilda Way,San Jose,95124-6207,CA,(408) 356-2126,No Data,(408) 358-9807,https://noddin.unionsd.org/,07/01/1980,No Data,N,No Data,No Data,52,Elementary School District,60,Elementary Schools (Public),TRAD,Traditional,ELEM,Elementary,P-5,K-5,N,N,N,No Data,37.237773,-121.91388,Megan,Wright,08/20/2024,N
43697086049415,6049415,640320,6678,Active,Santa Clara,Union Elementary,Oster Elementary,1855 Lencar Way,1855 Lencar Way,San Jose,95124-3603,CA,1855 Lencar Way,1855 Lencar Way,San Jose,95124-3603,CA,(408) 266-8121,No Data,(408) 266-3751,https://oster.unionsd.org/,07/01/1980,No Data,N,No Data,No Data,52,Elementary School District,60,Elementary Schools (Public),TRAD,Traditional,ELEM,Elementary,K-5,K-5,N,N,N,No Data,37.255483,-121.91957,Kyle,Sanchez,05/23/2025,N
43697086049449,6049449,640320,6680,Active,Santa Clara,Union Elementary,Union Middle,2130 Los Gatos-Almaden Road,2130 Los Gatos-Almaden Rd.,San Jose,95124-5418,CA,2130 Los Gatos-Almaden Road,2130 Los Gatos-Almaden Rd.,San Jose,95124-5418,CA,(408) 371-0366,No Data,(408) 371-1217,https://unionms.unionsd.org/,07/01/1980,No Data,N,No Data,No Data,52,Elementary School District,62,Intermediate/Middle Schools (Public),TRAD,Traditional,INTMIDJR,Intermediate/Middle/Junior High,6-8,6-8,N,N,N,No Data,37.242736,-121.9344,Todd,Feinberg,05/23/2025,N